AGENCY HOSTELS-RESPONSIVE,37652,211,,,,,AH028910, 30/10/2020, £18.02 ,1200208,Room 3,Flat B,,4,Station Road,Twickenham,TW1 4LL,
AGENCY HOSTELS-RESPONSIVE,37663,211,,,,,AH028914, 30/10/2020, £18.02 ,1000143,BLOCK,,,2,Little Road,Hayes,UB3 3BT,
AGENCY HOSTELS-RESPONSIVE,37663,211,,,,,AH028917, 30/10/2020," £1,423.36 ",1000143,BLOCK,,,2,Little Road,Hayes,UB3 3BT,
AGENCY HOSTELS-RESPONSIVE,37626,211,,,,,AH028935, 30/10/2020, £18.02 ,7600,BLOCK,A,Edgar Wright Court,118A,Dawes Road,Fulham,SW6 7EG,
AGENCY HOSTELS-RESPONSIVE,37583,211,,,,,AH028997, 30/10/2020, £477.68 ,1000017,BLOCK,,,240,Goldhawk Road,Hammersmith,W12 9PE,
AGENCY HOSTELS - Gas Boiler Replacement,37663,934,,,934B,,AH029031, 30/10/2020," £3,588.15 ",1000143,BLOCK,,,2,Little Road,Hayes,UB3 3BT,
AGENCY HOSTELS - Gas Boiler Replacement,37655,934,,,934B,,AH029032, 30/10/2020," £4,603.76 ",4909,BLOCK,,,108,Shepherds Bush Road,Shepherds Bush,W6 7PD,
AGENCY HOSTELS-RESPONSIVE,37639,211,,,,,AH029033, 30/10/2020, £327.42 ,4485,,A,,3,Ellingham Road,Shepherds Bush,W12 9PR,
AGENCY HOSTELS-RESPONSIVE,37669,211,,,,,AH029041, 30/10/2020, £583.92 ,12384,BLOCK,,,74,Heather Lane,West Drayton,UB7 8AR,
AGENCY HOSTELS-RESPONSIVE,37583,211,,,,,AH029045, 30/10/2020, £164.09 ,1000017,BLOCK,,,240,Goldhawk Road,Hammersmith,W12 9PE,
AGENCY HOSTELS-RESPONSIVE,37652,211,,,,,AH029049, 30/10/2020, £77.69 ,845,BLOCK,,,4,Station Road,Twickenham,TW1 4LL,
AGENCY HOSTELS-RESPONSIVE,37616,211,,,,,AH029070, 30/10/2020, £108.00 ,SO32,BLOCK,,,196,Wellington Road South,Hounslow,TW4 5JL,
AGENCY HOSTELS-RESPONSIVE,37601,211,,,,,AH029071, 30/10/2020, £178.52 ,1200216,Common Room,,,60,Richford Street,Shepherds Bush,W6 7HP,
AGENCY HOSTELS-RESPONSIVE,37641,211,,,,,AH029078, 30/10/2020, £303.70 ,8541,,,,79,Shorrolds Road,Hammersmith,SW6 7TU,
AGENCY HOSTELS-RESPONSIVE,37665,211,,,,,AH029083, 30/10/2020, £55.05 ,1000144,BLOCK,,,89,Bishops Road,Hayes,UB3 2TG,
AGENCY HOSTELS-RESPONSIVE,37611,211,,,,,AH029085, 30/10/2020, £314.48 ,1200129,Office 1,,,41-43,Talgarth Road,Hammersmith,W14 9DD,
AGENCY HOSTELS-RESPONSIVE,37603,211,,,,,AH029089, 30/10/2020, £65.76 ,1200053,Office 1,,,48-49,Woodstock Grove,Shepherds Bush,W12 8LG,
AGENCY HOSTELS-RESPONSIVE,37615,211,,,,,AH029091, 30/10/2020, £86.66 ,S014,BLOCK,,,106,Lakeside Road,Hammersmith,W14 0DY,
AGENCY HOSTELS-RESPONSIVE,37663,211,,,,,AH029092, 30/10/2020, £117.95 ,1000143,BLOCK,,,2,Little Road,Hayes,UB3 3BT,
AGENCY HOSTELS-RESPONSIVE,37655,211,,,,,AH029102, 30/10/2020, £143.32 ,4909,BLOCK,,,108,Shepherds Bush Road,Shepherds Bush,W6 7PD,
AGENCY HOSTELS-RESPONSIVE,37626,211,,,,,AH029113, 30/10/2020, £68.09 ,1200036,Common Room,,Edgar Wright Court,118A,Dawes Road,Fulham,SW6 7EG,
AGENCY HOSTELS-RESPONSIVE,37620,211,,,,,AH029115, 30/10/2020, £55.67 ,1200179,Common Room,,,81,Westwick Gardens,Hammersmith,W14 0BS,
AGENCY HOSTELS-RESPONSIVE,37603,211,,,,,AH029116, 30/10/2020, £73.18 ,1200061,,7,,48-49,Woodstock Grove,Shepherds Bush,W12 8LG,
AGENCY HOSTELS-RESPONSIVE,37612,211,,,,,AH029117, 30/10/2020, £118.25 ,S033,BLOCK,,,337,Wellington Road,Hounslow,TW4 5HS,
AGENCY HOSTELS-RESPONSIVE,37606A,211,,,,,AH029120, 30/10/2020, £118.25 ,S007,BLOCK,,,208,Hammersmith Grove,Shepherds Bush,W6 7HG,
AGENCY HOSTELS-RESPONSIVE,37616,211,,,,,AH029130, 30/10/2020, £363.80 ,SO32,BLOCK,,,196,Wellington Road South,Hounslow,TW4 5JL,
AGENCY HOSTELS-RESPONSIVE,37614,211,,,,,AH029134, 30/10/2020, £381.46 ,S018,BLOCK,,,49,Queens Walk,South Ruislip,HA4 0LX,
AGENCY HOSTELS-RESPONSIVE,37531,211,,,,,AH029139, 30/10/2020, £30.36 ,9334,,,,3,Butlers Close,Hounslow,TW4 7AD,
AGENCY HOSTELS-RESPONSIVE,37531,211,,,,,AH029146, 30/10/2020, £69.05 ,9334,,,,3,Butlers Close,Hounslow,TW4 7AD,
AGENCY HOSTELS - Gas Boiler Replacement,37652,934,,,934B,,AH029149, 30/10/2020," £2,040.37 ",1200207,CLUSTER,B,,4,Station Road,Twickenham,TW1 4LL,
AGENCY HOSTELS-RESPONSIVE,37652,211,,,,,AH029155, 30/10/2020, £109.62 ,1200209,Common Room,Flat B,,4,Station Road,Twickenham,TW1 4LL,
AGENCY HOSTELS-RESPONSIVE,37665,211,,,,,AH029158, 30/10/2020, £119.74 ,1000144,BLOCK,,,89,Bishops Road,Hayes,UB3 2TG,
AGENCY HOSTELS-RESPONSIVE,37642,211,,,,,AH029165, 30/10/2020, £175.63 ,8642,,A,,79,Musard Road,Hammersmith,W6 8NR,
AGENCY HOSTELS-RESPONSIVE,37606A,211,,,,,AH029168, 30/10/2020, £68.37 ,1200068,Office,,,208,Hammersmith Grove,Shepherds Bush,W6 7HG,
AGENCY HOSTELS-RESPONSIVE,37663,211,,,,,AH029169, 30/10/2020, £706.47 ,1000143,BLOCK,,,2,Little Road,Hayes,UB3 3BT,
AGENCY HOSTELS-RESPONSIVE,37655,211,,,,,AH029171, 30/10/2020, £68.74 ,4909,BLOCK,,,108,Shepherds Bush Road,Shepherds Bush,W6 7PD,
AGENCY HOSTELS-RESPONSIVE,37531,211,,,,,AH029172, 30/10/2020, £30.36 ,9334,,,,3,Butlers Close,Hounslow,TW4 7AD,
AGENCY HOSTELS-RESPONSIVE,37616,211,,,,,AH029181, 30/10/2020, £148.61 ,SO32,BLOCK,,,196,Wellington Road South,Hounslow,TW4 5JL,
AGENCY HOSTELS-RESPONSIVE,37534,211,,,,,AH029190, 30/10/2020, £67.62 ,3907,BLOCK,,St Margarets House,50-52,Sutton Court Road,Chiswick,W4 4NL,
AGENCY HOSTELS-RESPONSIVE,37603,211,,,,,AH029193, 30/10/2020, £118.25 ,1200053,Office 1,,,48-49,Woodstock Grove,Shepherds Bush,W12 8LG,
AGENCY HOSTELS-RESPONSIVE,37626,211,,,,,AH029194, 30/10/2020, £30.36 ,7600,BLOCK,A,Edgar Wright Court,118A,Dawes Road,Fulham,SW6 7EG,
AGENCY HOSTELS-RESPONSIVE,37531,211,,,,,AH029196, 30/10/2020, £87.36 ,9334,,,,3,Butlers Close,Hounslow,TW4 7AD,
AGENCY HOSTELS-RESPONSIVE,37534,211,,,,,AH029202, 30/10/2020, £55.40 ,3907,BLOCK,,St Margarets House,50-52,Sutton Court Road,Chiswick,W4 4NL,
AGENCY HOSTELS-RESPONSIVE,37534,211,,,,,AH029203, 30/10/2020, £157.32 ,3907,BLOCK,,St Margarets House,50-52,Sutton Court Road,Chiswick,W4 4NL,
AGENCY HOSTELS-RESPONSIVE,37531,211,,,,,AH029204, 30/10/2020, £48.43 ,1200006,BLOCK,A,,,Butlers Close,Hounslow,TW4 7AD,
AGENCY HOSTELS-RESPONSIVE,37531,211,,,,,AH029205, 30/10/2020, £48.43 ,1200007,BLOCK,B,,,Butlers Close,Hounslow,TW4 7AD,
AGENCY HOSTELS-RESPONSIVE,37601,211,,,,,AH029208, 30/10/2020, £30.36 ,S017,BLOCK,,,20,Old Oak Road,Shepherds Bush,W3 7HQ,
AGENCY HOSTELS-RESPONSIVE,37656,211,,,,,AH029216, 30/10/2020, £67.62 ,1200155,Office,,,10,St Anselms Road,Hayes,UB3 1SB,
AGENCY HOSTELS-RESPONSIVE,37531,211,,,,,MOB004078, 30/10/2020, £56.92 ,9333,,,,2,Butlers Close,Hounslow,TW4 7AD,
AGENCY HOSTELS-RESPONSIVE,37663,211,,,,,MOB004082, 30/10/2020, £38.63 ,1200177,Common Room,,,2,Little Road,Hayes,UB3 3BT,
GNSC-RESPONSIVE,32A,2947,,,,,GNSC005166, 30/10/2020, £259.66 ,606,BLOCK,,,2,Loftus Villas,Shepherds Bush,W12 7EW,
GNSC-RESPONSIVE,32A,2947,,,,,GNSC005457, 30/10/2020, £36.04 ,295,BLOCK,,,4,Iffley Road,Hammersmith,W6 0PA,
GNSC-RESPONSIVE,32A,2947,,,,,GNSC005471, 30/10/2020, £137.76 ,184,BLOCK,,,23,Rainville Road,Hammersmith,W6 9HA,
GNSC-RESPONSIVE,32A,2947,,,,,GNSC005542, 30/10/2020, £240.48 ,55,BLOCK,,,62,Stowe Road,Shepherds Bush,W12 8BW,
GNSC-RESPONSIVE,32A,2947,,,,,GNSC005605, 30/10/2020, £229.89 ,832,BLOCK,,,47,Southerton Road,Hammersmith,W6 0PJ,
GNSC-RESPONSIVE,3431,2947,,,,,GNSC005609, 30/10/2020, £196.43 ,2026,BLOCK,,Angel House,,Cadbury Close,Isleworth,TW7 5AU,
GNSC-RESPONSIVE,32A,2947,,,,,GNSC005680, 30/10/2020, £18.02 ,37,BLOCK,,,59,Southerton Road,Hammersmith,W6 0PJ,
GNSC-RESPONSIVE,32A,2947,,,,,GNSC005691, 30/10/2020, £36.04 ,265,BLOCK,,,85,Macfarlane Road,Shepherds Bush,W12 7JY,
GNSC-RESPONSIVE,3402,2947,,,,,GNSC005720, 30/10/2020, £89.54 ,2001,BLOCK,,Cotton House,101,Cobbold Road,Shepherds Bush,W12 9LS,
GNSC-RESPONSIVE,32A,2947,,,,,GNSC005728, 30/10/2020, £18.02 ,82,BLOCK,,,56,Cranbrook Road,Chiswick,W4 2LH,
GNSC-RESPONSIVE,32A,2947,,,,,GNSC005755, 30/10/2020, £81.00 ,590,BLOCK,,,54,Tunis Road,Shepherds Bush,W12 7EZ,
GNSC-ESTATE PRIDE REPAIRS,34147,2947,,,,,GNSC005808, 30/10/2020, £403.02 ,1000364,BLOCK,,,118,Bedfont Lane,Feltham,TW14 9BP,
GNSC-RESPONSIVE,32A,2947,,,,,GNSC005812, 30/10/2020, £52.95 ,597,BLOCK,,,46,Stanlake Road,Shepherds Bush,W12 7HL,
GNSC-RESPONSIVE,32A,2947,,,,,GNSC005819, 30/10/2020, £15.08 ,55,BLOCK,,,62,Stowe Road,Shepherds Bush,W12 8BW,
GNSC-RESPONSIVE,32A,2947,,,,,GNSC005832, 30/10/2020, £18.02 ,299,BLOCK,,,129,Windmill Road,Brentford,TW8 9NH,
GNSC-RESPONSIVE,32A,2947,,,,,GNSC005834, 30/10/2020, £78.94 ,539,BLOCK,,,7,Gwendwr Road,West Kensington,W14 9BQ,
GNSC-RESPONSIVE,32A,2947,,,,,GNSC005843, 30/10/2020, £15.08 ,2,BLOCK,,,19,Aldensley Road,Hammersmith,W6 0DH,
GNSC-RESPONSIVE,32A,2947,,,,,GNSC005919, 30/10/2020," £1,035.00 ",239,BLOCK,,,33,Faroe Road,West Kensington,W14 0EL,
GNSC-ESTATE PRIDE REPAIRS,3467B,2947,,,,,GNSC005924, 30/10/2020, £61.58 ,1872,BLOCK,,Osprey Court,366,Gurnell Grove,West Ealing,W13 0AT,
GNSC-ESTATE PRIDE REPAIRS,3467A,2947,,,,,GNSC005925, 30/10/2020, £14.75 ,1857,BLOCK,,Fulmar Court,367,Gurnell Grove,West Ealing,W13 0AP,
GNSC-ESTATE PRIDE REPAIRS,3467C,2947,,,,,GNSC005926, 30/10/2020, £111.91 ,1871,BLOCK,A/B,Merlin Court,66A,Gurnell Grove,West Ealing,W13 0AN,
GNSC-RESPONSIVE,32A,2947,,,,,GNSC005943, 30/10/2020, £145.85 ,396,BLOCK,,,45,Tynemouth Street,Fulham,SW6 2QS,
GNSC-ESTATE PRIDE REPAIRS,3402,2947,,,,,GNSC005944, 30/10/2020, £24.38 ,2001,BLOCK,,Cotton House,101,Cobbold Road,Shepherds Bush,W12 9LS,
GNSC-ESTATE PRIDE REPAIRS,3447,2947,,,,,GNSC005949, 30/10/2020, £38.98 ,1195,BLOCK,,Northcroft Court,61,Becklow Road,Shepherds Bush,W12 9HE,
GNSC-ESTATE PRIDE REPAIRS,3493,2947,,,,,GNSC005951, 30/10/2020, £13.46 ,2724,BLOCK,28-33,,,Pearscroft Road,Fulham,SW6 2BL,
GNSC-RESPONSIVE,32A,2947,,,,,GNSC005952, 30/10/2020, £81.07 ,157,BLOCK,,,34,Overstone Road,Hammersmith,W6 0AB,
GNSC-RESPONSIVE,32A,2947,,,,,GNSC005966, 30/10/2020, £116.84 ,633,BLOCK,,,537,Chiswick High Road,Chiswick,W4 3AY,
GNSC-ESTATE PRIDE REPAIRS,37506,2947,,,,,GNSC005983, 30/10/2020, £65.18 ,455,BLOCK,,,8,Bath Road,Chiswick,W4 1LW,
GNSC-RESPONSIVE,32A,2947,,,,,GNSC005997, 30/10/2020, £45.94 ,207,BLOCK,,,31,Lakeside Road,West Kensington,W14 0DX,
GNSC-ESTATE PRIDE REPAIRS,32A,2947,,,,,GNSC005998, 30/10/2020, £15.08 ,3937,BLOCK,,,31,Girdlers Road,West Kensington,W14 0PS,
GNSC-RESPONSIVE,3437,2131,36Z,,,,GNSC006007, 30/10/2020, £37.26 ,662,BLOCK,1-25,Twynholm Mansions,,Lillie Road,Fulham,SW6 7NX,
GNSC-RESPONSIVE,32A,2947,,,,,GNSC006023, 30/10/2020, £134.86 ,645,BLOCK,,,130,Sulgrave Road,Shepherds Bush,W6 7PU,
GNSC-RESPONSIVE,34216A,2131,36Z,,,,GNSC006025, 30/10/2020, £241.73 ,1000350,BLOCK,A,Bertram House,150,Hampton Road West,Feltham,TW13 6BE,
GNSC-RESPONSIVE,3432,2924,,,,,GNSC006031, 30/10/2020, £86.65 ,2050,BLOCK,,,23,Wyfold Road,Fulham,SW6 6SE,
GNSC-RESPONSIVE,34115,2924,,,,,GNSC006047, 30/10/2020, £152.06 ,3027,BLOCK,,Rajgeer Court,61,Western Road,Southall,UB2 5HE,
GNSC-ESTATE PRIDE REPAIRS,3405,2947,,,,,GNSC006050, 30/10/2020, £96.36 ,694,BLOCK,,,32,Pembridge Square,Notting Hill,W2 4DT,
GNSC-ESTATE PRIDE REPAIRS,3405,2947,,,,,GNSC006051, 30/10/2020, £9.30 ,682,BLOCK,,,31,Pembridge Square,Notting Hill,W2 4DT,
GNSC-ESTATE PRIDE REPAIRS,3404,2947,,,,,GNSC006052, 30/10/2020, £21.00 ,577,BLOCK,,,19,Pembridge Gardens,Notting Hill,W2 4EA,
GNSC-ESTATE PRIDE REPAIRS,3463,2947,,,,,GNSC006053, 30/10/2020, £66.12 ,574,BLOCK,,,14-16,West Cromwell Road,Earls Court,SW5 9QJ,
GNSC-ESTATE PRIDE REPAIRS,3466,2947,,,,,GNSC006054, 30/10/2020, £24.38 ,576,BLOCK,,,292,Earls Court Road,Earls Court,SW5 9BA,
GNSC-RESPONSIVE,3463,2947,,,,,GNSC006056, 30/10/2020, £63.20 ,574,BLOCK,,,14-16,West Cromwell Road,Earls Court,SW5 9QJ,
GNSC-ESTATE PRIDE REPAIRS,37506,2947,,,,,GNSC006066, 30/10/2020, £39.08 ,455,BLOCK,,,8,Bath Road,Chiswick,W4 1LW,
GNSC-ESTATE PRIDE REPAIRS,37506,2947,,,,,GNSC006067, 30/10/2020, £40.56 ,456,BLOCK,,,10,Bath Road,Chiswick,W4 1LW,
GNSC-ESTATE PRIDE REPAIRS,34141,2947,,,,,GNSC006074, 30/10/2020, £71.12 ,1000060,BLOCK,,,39,Ashchurch Park Villas,Shepherds Bush,W12 9SP,
GNSC-RESPONSIVE,32A,2924,,,,,GNSC006094, 30/10/2020, £93.71 ,473,BLOCK,,,37,Tadmore Street,Shepherds Bush,W12 8AH,
GNSC-RESPONSIVE,32A,2131,36Z,,,,GNSC006096, 30/10/2020, £57.36 ,114,BLOCK,,,53,Purcell Crescent,Fulham,SW6 7PB,
GNSC-RESPONSIVE,32A,2947,,,,,GNSC006104, 30/10/2020, £134.91 ,655,BLOCK,,,29,Sterndale Road,West Kensington,W14 0HT,
GNSC-RESPONSIVE,3454,2924,,,,,GNSC006108, 30/10/2020, £123.37 ,1410,BLOCK,,Raleigh Court,,Scotts Road,Shepherds Bush,W12 8HN,
GNSC-RESPONSIVE,3439,2924,,,,,GNSC006125, 30/10/2020, £97.08 ,1000107,BLOCK,7-21,Griffin Court,,Beverley Road,Chiswick,W4 2LL,
GNSC-ESTATE PRIDE REPAIRS,34128,2947,,,,,GNSC006127, 30/10/2020, £51.68 ,3971,BLOCK,,,1,Stowe Road,Shepherds Bush,W12 8BQ,
GNSC-RESPONSIVE,32A,2924,,,,,GNSC006134, 30/10/2020, £104.11 ,129,BLOCK,,,25,Claxton Grove,Hammersmith,W6 8HD,
GNSC-RESPONSIVE,3404,2947,,,,,GNSC006137, 30/10/2020, £137.76 ,577,BLOCK,,,19,Pembridge Gardens,Notting Hill,W2 4EA,
GNSC-RESPONSIVE,32A,2924,,,,,GNSC006138, 30/10/2020, £69.83 ,655,BLOCK,,,29,Sterndale Road,West Kensington,W14 0HT,
GNSC-RESPONSIVE,32A,2131,36Z,,,,GNSC006141, 30/10/2020, £156.48 ,485,BLOCK,,,11,Adie Road,Hammersmith,W6 0PW,
GNSC-ESTATE PRIDE REPAIRS,34129,2947,,,,,GNSC006144, 30/10/2020, £47.66 ,44,BLOCK,,,90-92,Carlyle Road,Ealing,W5 4BJ,
GNSC-RESPONSIVE,32A,2924,,,,,GNSC006147, 30/10/2020, £100.18 ,424,BLOCK,,,52,Askew Road,Shepherds Bush,W12 9BH,
GNSC-ESTATE PRIDE REPAIRS,34143,2947,,,,,GNSC006149, 30/10/2020, £37.60 ,1000136,BLOCK,,Charles Hill House,21,New Heston Road,Hounslow,TW5 0LW,
GNSC-RESPONSIVE,3455,2924,,,,,GNSC006157, 30/10/2020, £37.26 ,1419,BLOCK,,Hillary Court,,Titmuss Street,Shepherds Bush,W12 8HT,
GNSC-RESPONSIVE,3455,2924,,,,,GNSC006161, 30/10/2020, £60.72 ,1419,BLOCK,,Hillary Court,,Titmuss Street,Shepherds Bush,W12 8HT,
GNSC-RESPONSIVE,32A,2924,,,,,GNSC006166, 30/10/2020, £25.04 ,2580,BLOCK,,,52,High Street,Wealdstone,HA3 7AF,
GNSC-RESPONSIVE,3431,2924,,,,,GNSC006177, 30/10/2020, £156.48 ,2026,BLOCK,,Angel House,,Cadbury Close,Isleworth,TW7 5AU,
GNSC-RESPONSIVE,32A,2924,,,,,GNSC006184, 30/10/2020, £60.72 ,596,BLOCK,,,66,Gowan Avenue,Fulham,SW6 6RF,
GNSC-RESPONSIVE,3447,2924,,,,,GNSC006202, 30/10/2020, £36.14 ,1195,BLOCK,,Northcroft Court,61,Becklow Road,Shepherds Bush,W12 9HE,
GNSC-RESPONSIVE,32A,2924,,,,,GNSC006212, 30/10/2020, £60.72 ,607,BLOCK,,,16,Bracewell Road,Ladbroke Grove,W10 6AE,
GNSC-RESPONSIVE,34216A,2924,,,,,GNSC006233, 30/10/2020, £48.43 ,1000350,BLOCK,A,Bertram House,150,Hampton Road West,Feltham,TW13 6BE,
GNSC-RESPONSIVE,3437,2924,,,,,GNSC006243, 30/10/2020, £62.30 ,662,BLOCK,1-25,Twynholm Mansions,,Lillie Road,Fulham,SW6 7NX,
GNSC-RESPONSIVE,34144,2924,,,,,GNSC006261, 30/10/2020, £73.69 ,1000137,BLOCK,,Golden Cross Court,,Botwell Lane,Hayes,UB3 2AD,
GNSC-RESPONSIVE,34147,2924,,,,,GNSC006264, 30/10/2020, £48.43 ,1000364,BLOCK,,,118,Bedfont Lane,Feltham,TW14 9BP,
GNSC-ESTATE PRIDE REPAIRS,3474,2947,,,,,MX030183, 30/10/2020, £94.24 ,2335,PROPERTY,,,5,NICOLL ROAD,,NW10 9AX,
LH-RESPONSIVE,34F087,2947,,,,,LH021749, 30/10/2020,18.78,9856,,11,Ismailia House,20,Townmead Road,Fulham,SW6 2NZ,
LH-RESPONSIVE,34F085,2947,,,,,LH021824, 30/10/2020,18.78,9826,,24,Dwyer House,2,Townmead Road,Fulham,SW6 2NZ,
LH-RESPONSIVE,34F028,2947,,,,,LH021850, 30/10/2020,18.78,11536,,103,Issigonis House,,Cowley Road,Acton,W3 7UN,
LH-RESPONSIVE,34F01,2947,,,,,LH021853, 30/10/2020,18.78,6624,,F,,24,Lakeside Road,West Kensington,W14 0DU,
LH-ESTATE PRIDE REPAIRS,34F050,2947,,,,,LH021941, 30/10/2020,129.55,2908,BLOCK,,Green Acres House,,Welbeck Avenue,Hayes,UB4 9JR,
LH-RESPONSIVE,34F050,2947,,,,,LH021972, 30/10/2020,18.78,9515,,5,Green Acres House,,Welbeck Avenue,Hayes,UB4 9JR,
LH-RESPONSIVE,34F055,2947,,,,,LH022040, 30/10/2020,39.45,2973,BLOCK,A/B,,,Savera Close,Southall,UB2 5DT,
LH-RESPONSIVE,34F085,2947,,,,,LH022097, 30/10/2020,271.00,9866,,16,Dwyer House,2,Townmead Road,Fulham,SW6 2NZ,
LH-RESPONSIVE,34F050,2947,,,,,LH022122, 30/10/2020,75.00,2908,BLOCK,,Green Acres House,,Welbeck Avenue,Hayes,UB4 9JR,
LH-RESPONSIVE,32C,2947,,,,,LH022134, 30/10/2020,71.79,3400,BLOCK,,Morris House,,Swainson Road,Acton,W3 7UP,
LH-RESPONSIVE,34F050,2947,,,,,LH022136, 30/10/2020,"7,035.74",2908,BLOCK,,Green Acres House,,Welbeck Avenue,Hayes,UB4 9JR,
LH-RESPONSIVE,34F101,2947,,,,,LH022146, 30/10/2020,124.73,3740,BLOCK,,William Gattie House,106,Lillie Road,Fulham,SW6 7SR,
LH-RESPONSIVE,34F101,2947,,,,,LH022147, 30/10/2020,23.93,3740,BLOCK,,William Gattie House,106,Lillie Road,Fulham,SW6 7SR,
LH-RESPONSIVE,32A,2947,,,,,LH022150, 30/10/2020,93.90,F001,BLOCK,,,44,Avonmore Road,West Kensington,W14 8RS,
LH-RESPONSIVE,34F028,29417,,,,,LH022151, 30/10/2020,229.86,3401,BLOCK,,Issigonis House,,Cowley Road,Acton,W3 7UJ,
LH-RESPONSIVE,34F067,2947,,,,,LH022153, 30/10/2020,23.93,3008,BLOCK,,Central West,320,Ruislip Road East,Greenford,UB6 9FE,
LH-RESPONSIVE,34F112,2947,,,,,LH022158, 30/10/2020,162.29,U00024,,20,Bowthorpe Court,,Colonnade Gardens,Acton,W3 7RL,
LH-RESPONSIVE,34F027,2947,,,,,LH022162, 30/10/2020,18.78,10802,,17,Morris House,,Swainson Road,Acton,W3 7UP,
LH-RESPONSIVE,34A22,2947,,,,,LH022191, 30/10/2020,56.34,1389,BLOCK,,Bodington Court,34A,Sterne Street,Shepherds Bush,W12 8AD,
LH-RESPONSIVE,34A22,2947,,,,,LH022195, 30/10/2020,24.71,1389,BLOCK,,Bodington Court,34A,Sterne Street,Shepherds Bush,W12 8AD,
LH-ESTATE PRIDE REPAIRS,34114D,2947,,,,,LH022217, 30/10/2020,121.91,3104,BLOCK,,Dwyer House,2,Townmead Road,Fulham,SW6 2NZ,
LH-RESPONSIVE,34F028,2947,,,,,LH022248, 30/10/2020,98.40,3401,BLOCK,,Issigonis House,,Cowley Road,Acton,W3 7UJ,
LH-RESPONSIVE,34F028,2947,,,,,LH022263, 30/10/2020,160.80,3401,BLOCK,,Issigonis House,,Cowley Road,Acton,W3 7UJ,
LH-RESPONSIVE,34A12,2947,,,,,LH022267, 30/10/2020,128.90,TS12,BLOCK,,,22,St Stephens Avenue,Shepherds Bush,W12 8JH,
LH-ESTATE PRIDE REPAIRS,34F023,2947,,,,,LH022315, 30/10/2020,174.42,1000081,BLOCK,29-44,Pelham Place,,Ruislip Road East,West Ealing,W13 0HT,
LH-ESTATE PRIDE REPAIRS,34F067,2947,,,,,LH022319, 30/10/2020,207.63,3008,BLOCK,,Central West,320,Ruislip Road East,Greenford,UB6 9FE,
LH-ESTATE PRIDE REPAIRS,34F051,2947,,,,,LH022323, 30/10/2020,89.25,2910,BLOCK,501-511,,446,Fulham Road,Fulham,SW6 1DS,
LH-RESPONSIVE,34F056,2924,,,,,LH022328, 30/10/2020,123.18,2974,BLOCK,,The Old Fire Station,244,Shepherds Bush Road,Hammersmith,W6 7NN,
LH-RESPONSIVE,32C,2924,,,,,LH022329, 30/10/2020,149.53,3400,BLOCK,,Morris House,,Swainson Road,Acton,W3 7UP,
LH-RESPONSIVE,32C,2947,,,,,LH022330, 30/10/2020,530.41,3400,BLOCK,,Morris House,,Swainson Road,Acton,W3 7UP,
LH-RESPONSIVE,34A21,2947,,,,,LH022334, 30/10/2020,37.56,7114,,C,,92,Frithville Gardens,Shepherds Bush,W12 7JW,
LH-ESTATE PRIDE REPAIRS,34F055,2947,,,,,LH022344, 30/10/2020,36.10,2973,BLOCK,A/B,,,Savera Close,Southall,UB2 5DT,
LH-RESPONSIVE,34F055,2924,,,,,LH022345, 30/10/2020,147.28,2973,BLOCK,A/B,,,Savera Close,Southall,UB2 5DT,
LH-ESTATE PRIDE REPAIRS,34138P,2947,,,,,LH022349, 30/10/2020,12.01,1000121,BLOCK,,Alderwick House,,Alderwick Drive,Hounslow,TW3 1RF,
LH-ESTATE PRIDE REPAIRS,34114D,2947,,,,,LH022353, 30/10/2020,48.28,3104,BLOCK,,Dwyer House,2,Townmead Road,Fulham,SW6 2NZ,
LH-ESTATE PRIDE REPAIRS,34F01,2947,,,,,LH022354, 30/10/2020,38.76,F011,BLOCK,,,20,Lakeside Road,West Kensington,W14 0DU,
LH-RESPONSIVE,32C,2924,,,,,LH022356, 30/10/2020,378.01,3400,BLOCK,,Morris House,,Swainson Road,Acton,W3 7UP,
LH-RESPONSIVE,32C,2947,,,,,LH022358, 30/10/2020,644.79,3400,BLOCK,,Morris House,,Swainson Road,Acton,W3 7UP,
LH-ESTATE PRIDE REPAIRS,34F023,2947,,,,,LH022364, 30/10/2020,81.76,1000081,BLOCK,29-44,Pelham Place,,Ruislip Road East,West Ealing,W13 0HT,
LH-ESTATE PRIDE REPAIRS,34F01,2947,,,,,LH022367, 30/10/2020,100.74,F006,BLOCK,,,2,Lakeside Road,West Kensington,W14 0DU,
LH-ESTATE PRIDE REPAIRS,34F01,2947,,,,,LH022368, 30/10/2020,25.05,F013,BLOCK,,,24,Lakeside Road,West Kensington,W14 0DU,
LH-ESTATE PRIDE REPAIRS,34F01,2947,,,,,LH022369, 30/10/2020,9.69,F009,BLOCK,,,8,Lakeside Road,West Kensington,W14 0DU,
LH-ESTATE PRIDE REPAIRS,34F01,2947,,,,,LH022370, 30/10/2020,43.62,F011,BLOCK,,,20,Lakeside Road,West Kensington,W14 0DU,
LH-RESPONSIVE,32C,2924,,,,,LH022375, 30/10/2020,123.18,3400,BLOCK,,Morris House,,Swainson Road,Acton,W3 7UP,
LH-RESPONSIVE,32A,2924,,,,,LH022382, 30/10/2020,57.72,F001,BLOCK,,,44,Avonmore Road,West Kensington,W14 8RS,
LH-RESPONSIVE,32C,2924,,,,,LH022392, 30/10/2020,37.66,3400,BLOCK,,Morris House,,Swainson Road,Acton,W3 7UP,
LH-ESTATE PRIDE REPAIRS,34F101,2947,,,,,LH022399, 30/10/2020,51.69,3740,BLOCK,,William Gattie House,106,Lillie Road,Fulham,SW6 7SR,
LH-RESPONSIVE,32C,2924,,,,,LH022404, 30/10/2020,163.01,3400,BLOCK,,Morris House,,Swainson Road,Acton,W3 7UP,
MX-RESPONSIVE,3421,211,,,,,MX029468, 30/10/2020, £18.02 ,3522,BLOCK,,Steeplechase Court,,Haydock Avenue,Northolt,UB5 4FG,
MX-RESPONSIVE,34114,211,,,,,MX029868, 30/10/2020, £91.15 ,3103,BLOCK,,Down House,297,Wandsworth Bridge Road,Fulham,SW6 2NY,
MX-RESPONSIVE,34F039,211,,,,,MX029876, 30/10/2020, £102.58 ,2334,BLOCK,,,3,Nicoll Road,Harlesden,NW10 9AX,
MX-RESPONSIVE,32A,211,,,,,MX029908, 30/10/2020, £90.95 ,335,BLOCK,,,27,Thornbury Road,Isleworth,TW7 4LQ,
MX-RESPONSIVE,34118A,211,,,,,MX029914, 30/10/2020, £18.02 ,3139,BLOCK,,Kelway House,162,North End Road,West Kensington,W14 9PR,
MX-RESPONSIVE,34114,211,,,,,MX029933, 30/10/2020, £114.85 ,3103,BLOCK,,Down House,297,Wandsworth Bridge Road,Fulham,SW6 2NY,
MX-RESPONSIVE,34114D,211,,,,,MX029951, 30/10/2020, £18.02 ,3016,BLOCK,,Spackman House,12,Townmead Road,Fulham,SW6 2NZ,
MX-ESTATE PRIDE REPAIRS,34114D,2947,,,,,MX029964, 30/10/2020, £101.93 ,3016,BLOCK,,Spackman House,12,Townmead Road,Fulham,SW6 2NZ,
MX-ESTATE PRIDE REPAIRS,34F054,2947,,,,,MX029995, 30/10/2020, £294.20 ,2733,BLOCK,,,2,Town Meadow,Brentford,TW8 0BZ,
MX-RESPONSIVE,3421,211,,,,,MX030027, 30/10/2020, £18.02 ,3522,BLOCK,,Steeplechase Court,,Haydock Avenue,Northolt,UB5 4FG,
MX-ESTATE PRIDE REPAIRS,3421,2947,,,,,MX030051, 30/10/2020, £144.24 ,3522,BLOCK,,Steeplechase Court,,Haydock Avenue,Northolt,UB5 4FG,
MX-ESTATE PRIDE REPAIRS,32A,2947,,,,,MX030057, 30/10/2020, £109.58 ,1000353,ESTATE,,Bertram House Estate,150,Hampton Road West,Feltham,TW13 6BE,
MX-RESPONSIVE,34F054,211,,,,,MX030061, 30/10/2020, £113.30 ,2733,BLOCK,,,2,Town Meadow,Brentford,TW8 0BZ,
MX-RESPONSIVE,34142,2924,,,,,MX030073, 30/10/2020, £48.43 ,1000099,BLOCK,,Celtic House,3,Blacks Road,Hammersmith,W6 9DT,
MX-RESPONSIVE,34F109,211,,,,,MX030125, 30/10/2020, £164.69 ,1000289,BLOCK,,,52,York Road,Brentford,TW8 0QP,
MX-ESTATE PRIDE REPAIRS,34114K,2947,,,,,MX030143, 30/10/2020, £150.24 ,1000190,ESTATE,,Townmead Estate,,Wandsworth Bridge Road,Fulham,SW6 2NY,
MX-ESTATE PRIDE REPAIRS,34210,2947,,,,,MX030144, 30/10/2020, £24.38 ,3778,ESTATE,,Thornbury Park Estate,,Blumenthal Close,Isleworth,TW7 4FF,
MX-ESTATE PRIDE REPAIRS,34H04,2947,,,,,MX030158, 30/10/2020, £37.64 ,2631,BLOCK,173-236,,,Holland Gardens,Brentford,TW8 0AX,
MX-ESTATE PRIDE REPAIRS,3421,2947,,,,,MX030159, 30/10/2020, £18.02 ,3522,BLOCK,,Steeplechase Court,,Haydock Avenue,Northolt,UB5 4FG,
MX-ESTATE PRIDE REPAIRS,3449,2947,,,,,MX030164, 30/10/2020, £46.35 ,1242,BLOCK,,,2,Turnpike Way,Isleworth,TW7 5AF,
MX-RESPONSIVE,34H04,2924,,,,,MX030173, 30/10/2020, £169.76 ,2631,BLOCK,173-236,,,Holland Gardens,Brentford,TW8 0AX,
MX-RESPONSIVE,34H04,211,,,,,MX030174, 30/10/2020, £18.02 ,2631,BLOCK,173-236,,,Holland Gardens,Brentford,TW8 0AX,
MX-ESTATE PRIDE REPAIRS,34F039,2947,,,,,MX030182, 30/10/2020, £12.74 ,2336,BLOCK,,,7,Nicoll Road,Harlesden,NW10 9AX,
MX-RESPONSIVE,34F039,2924,,,,,MX030185, 30/10/2020, £84.56 ,2336,BLOCK,,,7,Nicoll Road,Harlesden,NW10 9AX,
MX-RESPONSIVE,34F039,2924,,,,,MX030186, 30/10/2020, £84.56 ,2335,BLOCK,,,5,Nicoll Road,Harlesden,NW10 9AX,
MX-RESPONSIVE,34118A,2924,,,,,MX030194, 30/10/2020, £67.62 ,3139,BLOCK,,Kelway House,162,North End Road,West Kensington,W14 9PR,
MX-RESPONSIVE,34121A,211,,,,,MX030195, 30/10/2020, £119.74 ,3656,BLOCK,,,17,Acock Grove,Northolt,UB5 4RT,
MX-ESTATE PRIDE REPAIRS,32A,2947,,,,,MX030196, 30/10/2020, £24.38 ,1476,BLOCK,,Rawsthorne Court,289,Staines Road,Hounslow,TW4 5AJ,
MX-ESTATE PRIDE REPAIRS,3421,2947,,,,,MX030197, 30/10/2020, £71.89 ,3522,BLOCK,,Steeplechase Court,,Haydock Avenue,Northolt,UB5 4FG,
MX-RESPONSIVE,3443,2924,,,,,MX030203, 30/10/2020, £41.78 ,U00033,ESTATE,,William Close Estate,,William Close,Fulham,SW6 7RN,
MX-ESTATE PRIDE REPAIRS,34H04,2947,,,,,MX030213, 30/10/2020, £24.38 ,2631,BLOCK,173-236,,,Holland Gardens,Brentford,TW8 0AX,
MX-RESPONSIVE,34H04,2924,,,,,MX030214, 30/10/2020, £103.02 ,2631,BLOCK,173-236,,,Holland Gardens,Brentford,TW8 0AX,
MX-RESPONSIVE,34118A,2924,,,,,MX030218, 30/10/2020, £60.72 ,3139,BLOCK,,Kelway House,162,North End Road,West Kensington,W14 9PR,
MX-RESPONSIVE,34F039,2924,,,,,MX030226, 30/10/2020, £60.72 ,2336,BLOCK,,,7,Nicoll Road,Harlesden,NW10 9AX,
MX-RESPONSIVE,34142,2924,,,,,MX030228, 30/10/2020, £43.33 ,1000099,BLOCK,,Celtic House,3,Blacks Road,Hammersmith,W6 9DT,
MX-RESPONSIVE,3443,2924,,,,,MX030246, 30/10/2020, £30.36 ,U00033,ESTATE,,William Close Estate,,William Close,Fulham,SW6 7RN,
MX-RESPONSIVE,34H04,2924,,,,,MX030250, 30/10/2020, £72.66 ,2631,BLOCK,173-236,,,Holland Gardens,Brentford,TW8 0AX,
MX-RESPONSIVE,34114K,2924,,,,,MX030254, 30/10/2020, £165.99 ,1000190,ESTATE,,Townmead Estate,,Wandsworth Bridge Road,Fulham,SW6 2NY,
PML-RESPONSIVE,51B35,211,,,,,MOB004036, 30/10/2020, £87.72 ,11894,,3,,24,Craven Park,Stonebridge,NW10 8TE,
PML-RESPONSIVE,51B37,211,,,,,MOB004077, 30/10/2020, £44.95 ,11893,,2,,24,Craven Park,Stonebridge,NW10 8TE,
PML-RESPONSIVE,51B37,211,,,,,MOB004105, 30/10/2020, £60.72 ,1000154,BLOCK,,Prospect House,,North Circular Road,Stonebridge,NW10 7GH,
PML-RESPONSIVE,51B41,211,,,,,PML004539, 30/10/2020, £18.78 ,U00046,,,,9,Goodhall Street,Harlesden,NW10 6TT,
PML-RESPONSIVE,51B37,211,,,,,PML004557, 30/10/2020, £18.78 ,12663,,,,34A,Wendover Road,Harlesden,NW10 4RT,
PML-RESPONSIVE,51B32,211,,,,,PML004666, 30/10/2020, £18.78 ,11424,,,,4A,Leeland Road,West Ealing,W13 9HH,
PML-RESPONSIVE,51B35,211,,,,,PML004702, 30/10/2020, £18.78 ,12626,,32,Brewers Court,20,Bishops Bridge,Paddington,W2 6AB,
PML-RESPONSIVE,51B41,211,,,,,PML004712, 30/10/2020, £18.78 ,U00062,,A,,115,Eton Avenue,Wembley,HA0 3BA,
PML-RESPONSIVE,51B41,211,,,,,PML004959, 30/10/2020," £1,075.10 ",U00077,,75,John Buck House,,Fry Road,Harlesden,NW10 4BZ,
PML-RESPONSIVE,51B35,211,,,,,PML004965, 30/10/2020, £302.33 ,12082,,,,31A,Leopold Road,Harlesden,NW10 9LN,
PML-RESPONSIVE,51B37,211,,,,,PML005027, 30/10/2020, £18.78 ,U00067,,2,,9,Connaught Road,Harlesden,NW10 9AJ,
PML-RESPONSIVE,51B05,211,,,,,PML005091, 30/10/2020, £196.80 ,8309,,6,,246-248,Uxbridge Road,Shepherds Bush,W12 7JA,
PML-VOIDS,51B41,2112,,,,,PML005092, 30/10/2020," £2,099.32 ",12473,,,,104,Kelvin Gardens,Croydon,CR0 4US,
PML-RESPONSIVE,51B37,211,,,,,PML005094, 30/10/2020, £404.03 ,U00015,,,,2,Yewfield Road,Harlesden,NW10 9TB,
PML-RESPONSIVE,51B05,211,,,,,PML005111, 30/10/2020, £365.64 ,8174,,2,Berkeley House,271,The Vale,Acton,W3 7QA,
PML-RESPONSIVE,51B32,211,,,,,PML005112, 30/10/2020, £26.09 ,11071,,,,32,The Green,Acton,W3 7PQ,
PML-VOIDS,51B35,2112,,,,,PML005116, 30/10/2020," £1,574.70 ",11565,,2,,31,Acton Lane,Harlesden,NW10 8UX,
PML-RESPONSIVE,51B41,211,,,,,PML005118, 30/10/2020, £157.44 ,12673,,,,77,Talbot Walk,Willesden,NW10 9HU,
PML-VOIDS,51B35,2112,,,,,PML005127, 30/10/2020," £2,237.78 ",12441,,3,,178,Finborough Road,West Brompton,SW10 9AH,
PML-RESPONSIVE,51B37,211,,,,,PML005135, 30/10/2020, £321.88 ,10445,,,,17A,Oldfield Road,Harlesden,NW10 9UD,
PML-VOIDS,51B37,2112,,,,,PML005144, 30/10/2020," £2,713.29 ",U00041,,A,,295,Cricklewood Broadway,Cricklewood,NW2 6NX,
PML-RESPONSIVE,51B35,211,,,,,PML005146, 30/10/2020, £78.11 ,9033,,,,59,Allingham Close,Hanwell,W7 1NB,
PML-RESPONSIVE,51B37,211,,,,,PML005153, 30/10/2020, £158.51 ,12354,,,,25,Balnacraig Avenue,Neasden,NW10 1TE,
PML-VOIDS,51B37,2112,,,,,PML005156, 30/10/2020, £555.03 ,9786,,3,,34A,High Street,Harlesden,NW10 4LS,
PML-RESPONSIVE,51B41,211,,,,,PML005170, 30/10/2020, £92.05 ,12629,,,,6A,Errol Gardens,Hayes,UB4 9EP,
PML-RESPONSIVE,51B41,211,,,,,PML005171, 30/10/2020, £100.23 ,12629,,,,6A,Errol Gardens,Hayes,UB4 9EP,
PML-RESPONSIVE,51B41,211,,,,,PML005181, 30/10/2020, £460.44 ,12629,,,,6A,Errol Gardens,Hayes,UB4 9EP,
PMO - Gas Responsive,51B40,2118,,,,,PMO000528, 30/10/2020,216.00,4903,,A,,98,Shepherds Bush Road,Shepherds Bush,W6 7PD,
PMO-RESPONSIVE,51B40,211,,,,,PMO000535, 30/10/2020,76.23,4903,,A,,98,Shepherds Bush Road,Shepherds Bush,W6 7PD,
PMO-VOIDS,51B38,2112,,,,,PMO000547, 30/10/2020,"1,084.78",12290,,19,Celtic House,3,Blacks Road,Hammersmith,W6 9DT,
PMO-RESPONSIVE,32A,211,,,,,PMO000553, 30/10/2020,70.44,2415,BLOCK,,,23,Golden Manor,Hanwell,W7 3EE,
PMO-RESPONSIVE,34126,211,,,,,PMO000554, 30/10/2020,119.53,8766,,4,,23,Golden Manor,Hanwell,W7 3EE,
PMO-RESPONSIVE,51B38,211,,,,,PMO000556, 30/10/2020,9.35,12294,,23,Celtic House,3,Blacks Road,Hammersmith,W6 9DT,
PMO-RESPONSIVE,51B38,211,,,,,PMO000557, 30/10/2020,68.97,12294,,23,Celtic House,3,Blacks Road,Hammersmith,W6 9DT,
SBHA-RESPONSIVE,34211,211,32A,,,,MOB003932, 30/10/2020, £76.52 ,11476,,,,13,Marbaix Gardens,Isleworth,TW7 4FD,
SBHA-RESPONSIVE,32A,211,32A,,,,MOB003992, 30/10/2020, £76.52 ,4435,,B,,12,Curwen Road,Shepherds Bush,W12 9AE,
SBHA-RESPONSIVE,32A,211,32A,,,,MOB004033, 30/10/2020, £57.36 ,6035,,B,,35,New Kings Road,Fulham,SW6 4SB,
SBHA-RESPONSIVE,32A,211,32A,,,,MOB004034, 30/10/2020, £60.72 ,6260,,A,,39,Tynemouth Street,Fulham,SW6 2QS,
SBHA-RESPONSIVE,32A,211,32A,,,,MOB004035, 30/10/2020, £57.36 ,4350,,B,,72,St Elmo Road,Shepherds Bush,W12 9DX,
SBHA-RESPONSIVE,32A,211,32A,,,,MOB004047, 30/10/2020, £87.72 ,5842,,A,,4,Rainville Road,Hammersmith,W6 9HA,
SBHA-RESPONSIVE,32A,211,32A,,,,MOB004056, 30/10/2020, £25.04 ,4436,,A,,33,Davisville Road,Shepherds Bush,W12 9SH,
SBHA-RESPONSIVE,32A,211,32A,,,,MOB004080, 30/10/2020, £30.36 ,4959,,D,,54,Woodstock Grove,Shepherds Bush,W12 8LG,
SBHA-RESPONSIVE,32A,211,32A,,,,MOB004085, 30/10/2020, £81.31 ,4512,,A,,32,Percy Road,Shepherds Bush,W12 9QA,
SBHA-RESPONSIVE,3467C,211,32A,,,,MOB004086, 30/10/2020, £25.04 ,8236,,11,Merlin Court,66A,Gurnell Grove,West Ealing,W13 0AN,
SBHA-RESPONSIVE,32A,211,32A,,,,MOB004097, 30/10/2020, £60.72 ,8893,,,,30,Cromwell Road,Hayes,UB3 2PP,
SBHA-RESPONSIVE,32A,211,32A,,,,MOB004104, 30/10/2020, £30.36 ,6007,,A,,37,Mablethorpe Road,Fulham,SW6 6AQ,
SBHA-ESTATE PRIDE REPAIRS,34118A,2947,32A,,,,MX030171, 30/10/2020, £79.36 ,3139,PROPERTY,,,,KELWAY HOUSE,162 NORTH END ROAD,W14 9PR,
SBHA-RESPONSIVE,32A,211,32A,,,,SBHA281423, 30/10/2020, £85.00 ,7925,,,,61,Rochester Avenue,Feltham,TW13 4EF,
SBHA-RESPONSIVE,3454,211,32A,,,,SBHA284726, 30/10/2020, £197.88 ,7567,,3,Raleigh Court,,Scotts Road,Shepherds Bush,W12 8HN,
SBHA-RESPONSIVE,3434,211,32A,,,,SBHA285849, 30/10/2020, £765.39 ,6308,,,,5,Hopes Close,Hounslow,TW5 0RN,
SBHA-RESPONSIVE,34114A,211,32A,,,,SBHA286415, 30/10/2020, £168.40 ,9879,,9,Cairns House,291,Wandsworth Bridge Road,Fulham,SW6 2NX,
SBHA-RESPONSIVE,34114B,211,32A,,,,SBHA286442, 30/10/2020, £106.00 ,9591,,20,Down House,297,Wandsworth Bridge Road,Fulham,SW6 2NY,
SBHA-RESPONSIVE,32A,211,32A,,,,SBHA286493, 30/10/2020," £1,145.00 ",8091,,,,1,Garsdale Terrace,West Kensington,W14 9NJ,
SBHA-RESPONSIVE,34124,211,32A,,,,SBHA287257, 30/10/2020, £315.00 ,11700,,11,Belgrave Lodge,36,Wellesley Road,Chiswick,W4 4BN,
SBHA-RESPONSIVE,32A,211,32A,,,,SBHA287370, 30/10/2020, £783.53 ,4651,,,,51,Cardross Street,Hammersmith,W6 0DP,
SBHA-RESPONSIVE,34107,211,32A,,,,SBHA287391, 30/10/2020, £365.18 ,5567,,B,,57,Heath Road,Hounslow,TW3 2NJ,
SBHA-RESPONSIVE,32A,211,32A,,,,SBHA287701, 30/10/2020, £225.00 ,9156,,,,115,Roundwood Road,Willesden,NW10 9UL,
SBHA-RESPONSIVE,3489,211,32A,,,,SBHA287714, 30/10/2020, £165.00 ,9057,,211,,,Holland Gardens,Brentford,TW8 0AX,
SBHA-RESPONSIVE,3405,211,32A,,,,SBHA287876, 30/10/2020, £145.00 ,5353,,6,,31,Pembridge Square,Notting Hill,W2 4DT,
SBHA-RESPONSIVE,32A,211,32A,,,,SBHA287980, 30/10/2020, £313.08 ,4622,,,,44,Atwood Road,Hammersmith,W6 0HX,
SBHA-RESPONSIVE,32A,211,32A,,,,SBHA288014, 30/10/2020," £1,850.00 ",4512,,A,,32,Percy Road,Shepherds Bush,W12 9QA,
SBHA-RESPONSIVE,32A,211,32A,,,,SBHA288213, 30/10/2020, £100.00 ,4023,,B,,28,Bloemfontein Road,Shepherds Bush,W12 7BX,
SBHA-RESPONSIVE,3458,211,32A,,,,SBHA288554, 30/10/2020, £245.00 ,7390,,,,49,Old Pound Close,Isleworth,TW7 5AL,
SBHA-RESPONSIVE,32A,211,32A,,,,SBHA288668, 30/10/2020, £145.00 ,4644,,B,,22,Cambridge Grove,Hammersmith,W6 0LA,
SBHA-RESPONSIVE,32A,211,32A,,,,SBHA289697, 30/10/2020, £125.00 ,11094,,,,91A,Great Central Avenue,Ruislip,HA4 6TU,
SBHA-RESPONSIVE,34114D,211,32A,,,,SBHA290033, 30/10/2020," £1,859.72 ",9666,,7,Spackman House,12,Townmead Road,Fulham,SW6 2NZ,
SBHA-RESPONSIVE,32A,211,32A,,,,SBHA290100, 30/10/2020, £90.73 ,5827,,D,,9,Merrington Road,Fulham,SW6 1RW,
SBHA-RESPONSIVE,32A,211,32A,,,,SBHA290381, 30/10/2020, £18.02 ,5314,,B,,173,Southfield Road,Chiswick,W4 5LB,
SBHA-RESPONSIVE,34114B,211,32A,,,,SBHA290936, 30/10/2020," £2,419.75 ",9574,,2,Down House,297,Wandsworth Bridge Road,Fulham,SW6 2NY,
SBHA-RESPONSIVE,32A,211,32A,,,,SBHA290969, 30/10/2020, £25.27 ,5531,,B,,38,Thorney Hedge Road,Chiswick,W4 5SD,
SBHA-RESPONSIVE,3474,211,32A,,,,SBHA291052, 30/10/2020, £108.12 ,8674,,4,,5,Nicoll Road,Harlesden,NW10 9AX,
SBHA-RESPONSIVE,34108,211,32A,,,,SBHA291601, 30/10/2020, £126.77 ,9203,,6,,2,Town Meadow,Brentford,TW8 0BZ,
SBHA-RESPONSIVE,3447,211,32A,,,,SBHA292114, 30/10/2020, £367.45 ,7548,,,,91,Vespan Road,Shepherds Bush,W12 9QG,
SBHA-RESPONSIVE,32A,211,32A,,,,SBHA292293, 30/10/2020, £992.33 ,7266,,,,82,Hadyn Park Road,Shepherds Bush,W12 9AG,
SBHA-RESPONSIVE,32A,211,32A,,,,SBHA292295, 30/10/2020, £50.51 ,7266,,,,82,Hadyn Park Road,Shepherds Bush,W12 9AG,
SBHA-RESPONSIVE,3453,211,32A,,,,SBHA292298, 30/10/2020, £306.30 ,7554,,1,Bailey Court,97,Vespan Road,Shepherds Bush,W12 9QP,
SBHA-RESPONSIVE,32A,211,32A,,,,SBHA292347, 30/10/2020, £370.00 ,8537,,,,4,Manor Drive North,New Malden,KT3 5PB,
SBHA-RESPONSIVE,3454,211,32A,,,,SBHA292522, 30/10/2020, £81.00 ,7584,,1,Raleigh Court,,Scotts Road,Shepherds Bush,W12 8HN,
SBHA-RESPONSIVE,32A,211,32A,,,,SBHA292625, 30/10/2020, £85.00 ,8974,,A,,52,High Street,Wealdstone,HA3 7AF,
SBHA-RESPONSIVE,32A,211,32A,,,,SBHA292664, 30/10/2020, £120.00 ,5694,,A,,39,Palliser Road,Barons Court,W14 9EB,
SBHA-RESPONSIVE,34215,211,32A,,,,SBHA293116, 30/10/2020, £18.02 ,12511,,11,,42,Brook Lane North,Brentford,TW8 0QW,
SBHA-RESPONSIVE,32A,211,32A,,,,SBHA293134, 30/10/2020, £106.64 ,4862,,C,,1,Poplar Grove,Shepherds Bush,W6 7RF,
SBHA-RESPONSIVE,32A,211,32A,,,,SBHA293191, 30/10/2020, £75.00 ,8834,,,,42,Lancaster Road,Northolt,UB5 4TH,
SBHA-RESPONSIVE,3460A,211,32A,,,,SBHA293385, 30/10/2020, £123.67 ,7764,,,,10,Parnell Close,Shepherds Bush,W12 9NU,
SBHA-RESPONSIVE,34114A,211,32A,,,,SBHA293451, 30/10/2020, £95.00 ,9877,,6,Cairns House,291,Wandsworth Bridge Road,Fulham,SW6 2NX,
SBHA-RESPONSIVE,3460A,211,32A,,,,SBHA293690, 30/10/2020," £2,364.49 ",7755,,,,11,Parnell Close,Shepherds Bush,W12 9NU,
SBHA-RESPONSIVE,32A,211,32A,,,,SBHA293723, 30/10/2020, £78.65 ,5154,,D,,6,Lisgar Terrace,West Kensington,W14 8SJ,
SBHA-RESPONSIVE,32A,211,32A,,,,SBHA293738, 30/10/2020," £2,511.31 ",6270,,,,346,Wandsworth Bridge Road,Fulham,SW6 2TZ,
SBHA-RESPONSIVE,32A,211,32A,,,,SBHA293762, 30/10/2020, £108.00 ,6172,,,,41,Lindrop Street,Fulham,SW6 2QU,
SBHA-RESPONSIVE,32A,211,32A,,,,SBHA293809, 30/10/2020, £89.52 ,8834,,,,42,Lancaster Road,Northolt,UB5 4TH,
SBHA-RESPONSIVE,32A,211,32A,,,,SBHA293828, 30/10/2020, £218.59 ,4857,,A,,25,Melrose Gardens,Shepherds Bush,W6 7RN,
SBHA - Gas Responsive,32A,211,32A,,,,SBHA293875, 30/10/2020, £135.21 ,4751,,B,,34,Overstone Road,Hammersmith,W6 0AB,
SBHA - Gas Boiler Replacement,32A,513,36,R1804FR,6G,JK,SBHA293917, 30/10/2020," £2,040.37 ",6873,,2,Broom Farm,,Clancarty Road,Fulham,SW6 3AA,
SBHA-RESPONSIVE,3421,211,32A,,,,SBHA293934, 30/10/2020, £87.85 ,10675,,7,Steeplechase Court,,Haydock Avenue,Northolt,UB5 4FG,
SBHA-RESPONSIVE,32A,211,32A,,,,SBHA293979, 30/10/2020, £119.87 ,6331,,B,,13,Iffley Road,Hammersmith,W6 0PB,
SBHA-RESPONSIVE,32A,211,32A,,,,SBHA294043, 30/10/2020, £27.68 ,6367,,A,,36,Lindrop Street,Fulham,SW6 2QX,
SBHA-RESPONSIVE,32A,211,32A,,,,SBHA294058, 30/10/2020," £1,177.47 ",5459,,A,,12,Coombe Road,Chiswick,W4 2HR,
SBHA-RESPONSIVE,32A,211,32A,,,,SBHA294059, 30/10/2020, £958.34 ,6068,,,,24,Althea Street,Fulham,SW6 2RY,
SBHA-RESPONSIVE,32A,211,32A,,,,SBHA294061, 30/10/2020, £689.98 ,5717,,A,,29,Averill Street,Hammersmith,W6 8ED,
SBHA-RESPONSIVE,32A,211,32A,,,,SBHA294094, 30/10/2020, £81.00 ,6030,,A,,31,New Kings Road,Fulham,SW6 4SB,
SBHA-RESPONSIVE,32A,211,32A,,,,SBHA294103, 30/10/2020, £108.00 ,8352,,,,94,Hampton Road West,Feltham,TW13 6BB,
SBHA-RESPONSIVE,3460A,211,32A,,,,SBHA294106, 30/10/2020, £124.59 ,7765,,,,12,Parnell Close,Shepherds Bush,W12 9NU,
SBHA-RESPONSIVE,32A,211,32A,,,,SBHA294136, 30/10/2020, £18.02 ,6268,,A,,51,Wandsworth Bridge Road,Fulham,SW6 2TB,
SBHA-RESPONSIVE,3413,211,32A,,,,SBHA294137, 30/10/2020, £147.55 ,6483,,,,316B,King Street,Hammersmith,W6 0RR,
SBHA-RESPONSIVE,32A,211,32A,,,,SBHA294142, 30/10/2020, £50.21 ,7406,,,,42,Everington Street,Hammersmith,W6 8DG,
SBHA-RESPONSIVE,3447,211,32A,,,,SBHA294144, 30/10/2020, £101.93 ,7295,,27,Northcroft Court,61,Becklow Road,Shepherds Bush,W12 9HE,
SBHA-RESPONSIVE,32A,211,32A,,,,SBHA294163, 30/10/2020, £141.92 ,4430,,A,,5,Curwen Road,Shepherds Bush,W12 9AF,
SBHA-RESPONSIVE,32A,211,32A,,,,SBHA294170, 30/10/2020, £18.02 ,4481,,C,,89,Devonport Road,Shepherds Bush,W12 8PB,
SBHA-RESPONSIVE,32A,211,32A,,,,SBHA294171, 30/10/2020, £112.53 ,4263,,B,,52,Askew Road,Shepherds Bush,W12 9BH,
SBHA-RESPONSIVE,34115,211,32A,,,,SBHA294183, 30/10/2020, £112.16 ,9698,,16,Rajgeer Court,61,Western Road,Southall,UB2 5HE,
SBHA-RESPONSIVE,3461,211,32A,,,,SBHA294185, 30/10/2020, £129.50 ,7792,,6,,210,Goldhawk Road,Shepherds Bush,W12 9NT,
SBHA-RESPONSIVE,32A,211,32A,,,,SBHA294208, 30/10/2020, £66.51 ,5276,,A,,17,Essex Road,Acton,W3 9JA,
SBHA-RESPONSIVE,32A,211,32A,,,,SBHA294212, 30/10/2020, £108.00 ,5604,,A,,43,Barton Road,Barons Court,W14 9HB,
SBHA-RESPONSIVE,32A,211,32A,,,,SBHA294235, 30/10/2020, £86.00 ,5833,,B,,9,Petley Road,Hammersmith,W6 9SU,
SBHA-RESPONSIVE,34145,211,32A,,,,SBHA294236, 30/10/2020, £123.35 ,12458,,14,Anglers Retreat Court,,Cricketfield Road,West Drayton,UB7 7FZ,
SBHA-RESPONSIVE,3421,211,32A,,,,SBHA294241, 30/10/2020, £72.08 ,10675,,7,Steeplechase Court,,Haydock Avenue,Northolt,UB5 4FG,
SBHA-RESPONSIVE,32A,211,32A,,,,SBHA294244, 30/10/2020, £42.93 ,4843,,A,,9,Lena Gardens,Hammersmith,W6 7PY,
SBHA-RESPONSIVE,32A,211,32A,,,,SBHA294249, 30/10/2020, £197.58 ,6127,,B,,32,Glenrosa Street,Fulham,SW6 2QZ,
SBHA-RESPONSIVE,32A,211,32A,,,,SBHA294255, 30/10/2020, £140.11 ,4512,,A,,32,Percy Road,Shepherds Bush,W12 9QA,
SBHA-RESPONSIVE,32A,211,32A,,,,SBHA294256, 30/10/2020, £147.56 ,5414,,B,,32,Bath Road,Chiswick,W4 1LW,
SBHA-RESPONSIVE,34118A,211,32A,,,,SBHA294259, 30/10/2020, £18.02 ,9952,,14,Kelway House,162,North End Road,West Kensington,W14 9PR,
SBHA-RESPONSIVE,32A,211,32A,,,,SBHA294267, 30/10/2020, £176.54 ,6157,,A,,25,Lindrop Street,Fulham,SW6 2QU,
SBHA-RESPONSIVE,32A,211,32A,,,,SBHA294288, 30/10/2020, £18.02 ,4455,,A,,34,Devonport Road,Shepherds Bush,W12 8NX,
SBHA-RESPONSIVE,3460A,211,32A,,,,SBHA294289, 30/10/2020, £32.15 ,7765,,,,12,Parnell Close,Shepherds Bush,W12 9NU,
SBHA-RESPONSIVE,3421,211,32A,,,,SBHA294297, 30/10/2020, £333.07 ,10676,,8,Steeplechase Court,,Haydock Avenue,Northolt,UB5 4FG,
SBHA-RESPONSIVE,32A,211,32A,,,,SBHA294308, 30/10/2020, £109.23 ,4411,,A,,80,Cathnor Road,Shepherds Bush,W12 9JA,
SBHA-RESPONSIVE,3417,211,32A,,,,SBHA294314, 30/10/2020, £116.84 ,6943,,,,33,Cambridge Grove,Hammersmith,W6 0LA,
SBHA-RESPONSIVE,3441,211,32A,,,,SBHA294320, 30/10/2020, £18.02 ,7190,,B,,20,Britannia Road,Fulham,SW6 2HL,
SBHA-RESPONSIVE,34114B,211,32A,,,,SBHA294341, 30/10/2020, £18.02 ,9584,,13,Down House,297,Wandsworth Bridge Road,Fulham,SW6 2NY,
SBHA-RESPONSIVE,32A,211,32A,,,,SBHA294353, 30/10/2020, £738.00 ,4020,,A,,9,Bloemfontein Road,Shepherds Bush,W12 7BH,
SBHA-RESPONSIVE,32A,211,32A,,,,SBHA294358, 30/10/2020, £58.42 ,5247,,C,,27,Westwick Gardens,West Kensington,W14 0BU,
SBHA-RESPONSIVE,32A,211,32A,,,,SBHA294360, 30/10/2020, £108.00 ,4641,,A,,2,Bradmore Park Road,Hammersmith,W6 0DS,
SBHA-RESPONSIVE,32A,211,32A,,,,SBHA294368, 30/10/2020, £63.57 ,8893,,,,30,Cromwell Road,Hayes,UB3 2PP,
SBHA-RESPONSIVE,3489,211,32A,,,,SBHA294371, 30/10/2020, £119.36 ,9068,,228,,,Holland Gardens,Brentford,TW8 0AX,
SBHA-RESPONSIVE,32A,211,32A,,,,SBHA294375, 30/10/2020, £101.62 ,5101,,B,,1,Gwendwr Road,West Kensington,W14 9BQ,
SBHA-RESPONSIVE,3489,211,32A,,,,SBHA294381, 30/10/2020, £198.78 ,9036,,181,,,Holland Gardens,Brentford,TW8 0AX,
SBHA-RESPONSIVE,3404,211,32A,,,,SBHA294383, 30/10/2020, £174.24 ,5336,,1,,19,Pembridge Gardens,Notting Hill,W2 4EA,
SBHA-RESPONSIVE,32A,211,32A,,,,SBHA294388, 30/10/2020, £137.43 ,4139,,B,,37,Macfarlane Road,Shepherds Bush,W12 7JY,
SBHA-RESPONSIVE,32A,211,32A,,,,SBHA294397, 30/10/2020, £22.97 ,7835,,,,10,Charter Crescent,Hounslow,TW4 6AY,
SBHA-RESPONSIVE,32A,211,32A,,,,SBHA294407, 30/10/2020, £22.97 ,5724,,A,,97,Dawes Road,Fulham,SW6 7DU,
SBHA-RESPONSIVE,32A,211,32A,,,,SBHA294410, 30/10/2020, £18.02 ,4393,,A,,75,Vespan Road,Shepherds Bush,W12 9QG,
SBHA-RESPONSIVE,3469,211,32A,,,,SBHA294411, 30/10/2020, £18.02 ,8422,,,,10,Rowntree Road,Twickenham,TW2 6RP,
SBHA-RESPONSIVE,32A,211,32A,,,,SBHA294417, 30/10/2020, £415.48 ,5543,,C,,129,Windmill Road,Brentford,TW8 9NH,
SBHA-RESPONSIVE,32A,211,32A,,,,SBHA294420, 30/10/2020, £18.02 ,4262,,A,,52,Askew Road,Shepherds Bush,W12 9BH,
SBHA-RESPONSIVE,32A,211,32A,,,,SBHA294426, 30/10/2020, £36.04 ,4708,,B,,14,Iffley Road,Hammersmith,W6 0PA,
SBHA-RESPONSIVE,32A,211,32A,,,,SBHA294444, 30/10/2020, £22.97 ,6168,,A,,37,Lindrop Street,Fulham,SW6 2QU,
SBHA-RESPONSIVE,32A,211,32A,,,,SBHA294483, 30/10/2020, £595.42 ,5217,,D,,100,Sinclair Road,West Kensington,W14 0NY,
SBHA-RESPONSIVE,32A,211,32A,,,,SBHA294490, 30/10/2020, £18.02 ,8028,,,,107,Cygnet Avenue,Feltham,TW14 0DU,
SBHA-VOIDS,3466,2131,36V,,,,SBHA294513, 30/10/2020," £4,265.26 ",6277,,C,,292,Earls Court Road,Earls Court,SW5 9BA,
SBHA-RESPONSIVE,32A,211,32A,,,,SBHA294525, 30/10/2020, £296.90 ,4251,,C,,33,Askew Road,Shepherds Bush,W12 9AD,
SBHA-RESPONSIVE,32A,211,32A,,,,SBHA294534, 30/10/2020, £91.06 ,7435,,,,34,Everington Street,Hammersmith,W6 8DG,
SBHA-RESPONSIVE,34127,211,32A,,,,SBHA294535, 30/10/2020, £139.01 ,11713,,,,514,Fulham Palace Road,Fulham,SW6 6JE,
SBHA-RESPONSIVE,32A,211,32A,,,,SBHA294538, 30/10/2020, £108.00 ,5699,,,,23,Lochaline Street,Hammersmith,W6 9SJ,
SBHA-RESPONSIVE,34143,211,32A,,,,SBHA294539, 30/10/2020, £165.76 ,12329,,13,Charles Hill House,21,New Heston Road,Hounslow,TW5 0LW,
SBHA-RESPONSIVE,3461,211,32A,,,,SBHA294545, 30/10/2020, £88.71 ,7788,,2,,210,Goldhawk Road,Shepherds Bush,W12 9NT,
SBHA-RESPONSIVE,32A,211,32A,,,,SBHA294559, 30/10/2020, £147.56 ,4295,,,,21,Gayford Road,Shepherds Bush,W12 9BY,
SBHA-RESPONSIVE,3413,211,32A,,,,SBHA294582, 30/10/2020, £150.00 ,6483,,,,316B,King Street,Hammersmith,W6 0RR,
SBHA-RESPONSIVE,32A,211,32A,,,,SBHA294592, 30/10/2020, £59.88 ,6363,,A,,27,Oxberry Avenue,Fulham,SW6 5SP,
SBHA-RESPONSIVE,34144,211,32A,,,,SBHA294604, 30/10/2020, £90.96 ,12337,,7,Golden Cross Court,,Botwell Lane,Hayes,UB3 2AD,
SBHA-RESPONSIVE,32A,211,32A,,,,SBHA294618, 30/10/2020, £333.07 ,5534,,A,,10,Thornton Avenue,Chiswick,W4 1QG,
SBHA-RESPONSIVE,32A,211,32A,,,,SBHA294633, 30/10/2020, £157.46 ,4160,,C,,39,Oaklands Grove,Shepherds Bush,W12 0JD,
SBHA-RESPONSIVE,32A,211,32A,,,,SBHA294710, 30/10/2020, £155.50 ,4830,,C,,220,Hammersmith Grove,Hammersmith,W6 7HG,
SBHA-RESPONSIVE,3456,211,32A,,,,SBHA294711, 30/10/2020, £302.71 ,7684,,,,59,Sandalwood Drive,Ruislip,HA4 7JT,
SBHA-RESPONSIVE,32A,211,32A,,,,SBHA294757, 30/10/2020, £476.84 ,7937,,,,20,Byward Avenue,Feltham,TW14 0EY,
SBHA-RESPONSIVE,3436,211,32A,,,,SBHA294778, 30/10/2020," £7,163.60 ",6761,,2,Chandler Court,,Staines Road,Bedfont,TW14 9EA,
SBHA-RESPONSIVE,3413,211,32A,,,,SBHA294841, 30/10/2020," £1,111.30 ",6483,,,,316B,King Street,Hammersmith,W6 0RR,
SBHA-RESPONSIVE,32A,211,32A,,,,SBHA294863, 30/10/2020, £153.56 ,5228,,B,,118,Sinclair Road,West Kensington,W14 0NL,
SBHA-RESPONSIVE,32A,211,32A,,,,SBHA294922, 30/10/2020, £99.97 ,5442,,B,,529,Chiswick High Road,Chiswick,W4 3AY,
SBHA - Gas Boiler Replacement,32A,513,36,R1804FR,6G,JK,SBHA294926, 30/10/2020," £2,040.37 ",4758,,A,,78,Overstone Road,Hammersmith,W6 0AB,
SBHA-RESPONSIVE,32A,211,32A,,,,SBHA294931, 30/10/2020," £5,489.19 ",5006,,3,,1,Bolingbroke Road,West Kensington,W14 0AJ,
SBHA-RESPONSIVE,32A,211,32A,,,,SBHA294962, 30/10/2020," £6,320.52 ",4627,,B,,12,Benbow Road,Hammersmith,W6 0AG,
SBHA-RESPONSIVE,32A,211,32A,,,,SBHA295016, 30/10/2020, £45.94 ,6168,,A,,37,Lindrop Street,Fulham,SW6 2QU,
SBHA - Gas Boiler Replacement,32A,513,36,R1804FR,6G,JK,SBHA295063, 30/10/2020," £2,364.18 ",5539,,A,,18,Upham Park Road,Chiswick,W4 1PG,
SBHA - Gas Boiler Replacement,32A,513,36,R1804FR,6G,JK,SBHA295083, 30/10/2020," £2,299.02 ",8571,,,,122,Monks Park,Wembley,HA9 6JH,
SBHA-RESPONSIVE,32A,211,32A,,,,SBHA295131, 30/10/2020, £46.72 ,4765,,A,,38,Raynham Road,Hammersmith,W6 0HY,
SBHA-RESPONSIVE,32A,211,32A,,,,SBHA295137, 30/10/2020, £327.97 ,4986,,E,,60,Avonmore Road,West Kensington,W14 8RS,
SBHA-RESPONSIVE,3423,211,32A,,,,SBHA295158, 30/10/2020, £134.22 ,11435,,,,34,Saunders Road,Uxbridge,UB10 0RL,
SBHA-RESPONSIVE,32A,211,32A,,,,SBHA295174, 30/10/2020, £444.86 ,5617,,A,,28,Claxton Grove,Hammersmith,W6 8HF,
SBHA-RESPONSIVE,32A,211,32A,,,,SBHA295192, 30/10/2020, £333.07 ,5139,,A,,100,Netherwood Road,Shepherds Bush,W14 0BQ,
SBHA - Gas Responsive,32A,211,32A,,,,SBHA295233, 30/10/2020, £75.00 ,4955,,C,,52,Woodstock Grove,Shepherds Bush,W12 8LG,
SBHA - Gas Boiler Replacement,3493,513,36,R1804FR,6G,JK,SBHA295261, 30/10/2020," £2,364.18 ",9192,,,,36,Pearscroft Road,Fulham,SW6 2BL,
SBHA-RESPONSIVE,32A,211,32A,,,,SBHA295269, 30/10/2020, £30.36 ,4842,,C,,234,Hammersmith Grove,Hammersmith,W6 7EL,
SBHA-RESPONSIVE,32A,211,32A,,,,SBHA295270, 30/10/2020," £1,045.48 ",7262,,,,74,Hadyn Park Road,Shepherds Bush,W12 9AG,
SBHA-RESPONSIVE,32A,211,32A,,,,SBHA295275, 30/10/2020, £43.33 ,5468,,,,96,Devonshire Road,Chiswick,W4 2HS,
SBHA-RESPONSIVE,32A,211,32A,,,,SBHA295280, 30/10/2020, £826.82 ,4345,,A,,29,Roxwell Road,Shepherds Bush,W12 9QE,
SBHA-RESPONSIVE,3403,211,32A,,,,SBHA295283, 30/10/2020, £78.83 ,5167,,1,Clandon Court,1,Sinclair Gardens,West Kensington,W14 0AY,
SBHA-RESPONSIVE,32A,211,32A,,,,SBHA295292, 30/10/2020, £113.30 ,4986,,E,,60,Avonmore Road,West Kensington,W14 8RS,
SBHA-RESPONSIVE,3471,211,32A,,,,SBHA295295, 30/10/2020, £266.02 ,8433,,,,92,Kilross Road,Bedfont,TW14 8SA,
SBHA-RESPONSIVE,32A,211,32A,,,,SBHA295296, 30/10/2020, £285.84 ,6329,,B,,64,Stowe Road,Shepherds Bush,W12 8BW,
SBHA-RESPONSIVE,3438,211,32A,,,,SBHA295303, 30/10/2020, £60.72 ,6593,,,,5,Falcon Close,Chiswick,W4 3XQ,
SBHA-RESPONSIVE,32A,211,32A,,,,SBHA295311, 30/10/2020, £86.72 ,5647,,,,82,Claxton Grove,Hammersmith,W6 8HE,
SBHA-RESPONSIVE,32A,211,32A,,,,SBHA295312, 30/10/2020, £133.58 ,4949,,C,,27,Woodstock Grove,Shepherds Bush,W12 8LE,
SBHA-RESPONSIVE,3489,211,32A,,,,SBHA295325, 30/10/2020, £895.00 ,9037,,185,,,Holland Gardens,Brentford,TW8 0AX,
SBHA-ESTATE PRIDE REPAIRS,3445B,2947,32A,,,,SBHA295336, 30/10/2020, £237.31 ,1000094,ESTATE,,Pulton Place Estate,,Pulton Place,Fulham,SW6 1EF,
SBHA-RESPONSIVE,32A,211,32A,,,,SBHA295359, 30/10/2020, £44.95 ,8571,,,,122,Monks Park,Wembley,HA9 6JH,
SBHA - Gas Responsive,32A,211,32A,,,,SBHA295361, 30/10/2020, £309.00 ,5565,,,,80,Chatsworth Crescent,Hounslow,TW3 2PD,
SBHA-RESPONSIVE,32A,211,32A,,,,SBHA295426, 30/10/2020, £90.73 ,5844,,A,,17,Rainville Road,Hammersmith,W6 9HA,
SBHA-RESPONSIVE,3446,211,32A,,,,SBHA295447, 30/10/2020, £43.22 ,7182,,,,26,Beattie Close,Feltham,TW14 9RR,
SBHA - Gas Boiler Replacement,32A,513,36,R1804FR,6G,JK,SBHA295460, 30/10/2020," £1,920.67 ",4365,,C,,163,Uxbridge Road,Shepherds Bush,W12 9RB,
SBHA-RESPONSIVE,34138,211,32A,,,,SBHA295461, 30/10/2020, £270.92 ,12150,,5,Brook House,745,London Road,Hounslow,TW3 1SU,
SBHA-RESPONSIVE,32A,211,32A,,,,SBHA295468, 30/10/2020, £704.82 ,4611,,A,,11,Adie Road,Hammersmith,W6 0PW,
SBHA - Gas Responsive,32A,211,32A,,,,SBHA295492, 30/10/2020," £1,420.79 ",6873,,2,Broom Farm,,Clancarty Road,Fulham,SW6 3AA,
SBHA-RESPONSIVE,3405,211,32A,,,,SBHA295498, 30/10/2020, £96.86 ,5356,,9,,31,Pembridge Square,Notting Hill,W2 4DT,
SBHA-RESPONSIVE,34140,211,32A,,,,SBHA295502, 30/10/2020, £130.67 ,12179,,,,8,Calverton Place,Greenford,UB6 7FP,
SBHA-RESPONSIVE,32A,211,32A,,,,SBHA295520, 30/10/2020," £1,265.72 ",5530,,A,,38,Thorney Hedge Road,Chiswick,W4 5SD,
SBHA - Gas Boiler Replacement,3493,513,36,R1804FR,6G,JK,SBHA295543, 30/10/2020," £1,850.15 ",9178,,,,22,Pearscroft Road,Fulham,SW6 2BL,
SBHA-RESPONSIVE,32A,211,32A,,,,SBHA295561, 30/10/2020, £73.24 ,9001,,,,15,Laurel Gardens,Hounslow,TW4 6AQ,
SBHA-RESPONSIVE,32A,211,32A,,,,SBHA295584, 30/10/2020, £146.36 ,5994,,D,,40,Hestercombe Avenue,Fulham,SW6 5LJ,
SBHA-RESPONSIVE,3401,211,32A,,,,SBHA295587, 30/10/2020, £25.04 ,4038,,4,Auriol House,1A,Ellerslie Road,Shepherds Bush,W12 7BN,
SBHA - Gas Responsive,32A,211,32A,,,,SBHA295593, 30/10/2020, £655.51 ,4758,,A,,78,Overstone Road,Hammersmith,W6 0AB,
SBHA-RESPONSIVE,34119,211,32A,,,,SBHA295598, 30/10/2020, £66.92 ,7511,,1,Hartcliff Court,,Osterley Park View Road,Hanwell,W7 2HS,
SBHA-RESPONSIVE,3405,211,32A,,,,SBHA295602, 30/10/2020, £54.01 ,5362,,5,,32,Pembridge Square,Notting Hill,W2 4DT,
SBHA-RESPONSIVE,34147,211,32A,,,,SBHA295620, 30/10/2020," £1,005.26 ",12611,,14,,118,Bedfont Lane,Feltham,TW14 9BP,
SBHA-RESPONSIVE,34215,211,32A,,,,SBHA295633, 30/10/2020, £85.48 ,12506,,6,,42,Brook Lane North,Brentford,TW8 0QW,
SBHA-RESPONSIVE,34216A,211,32A,,,,SBHA295641, 30/10/2020, £58.63 ,12576,,10,Bertram House,150,Hampton Road West,Feltham,TW13 6BE,
SBHA-RESPONSIVE,32A,211,32A,,,,SBHA295642, 30/10/2020, £341.02 ,6231,,A,,33,Querrin Street,Fulham,SW6 2SL,
SBHA-RESPONSIVE,34216A,211,32A,,,,SBHA295643, 30/10/2020, £45.94 ,12575,,9,Bertram House,150,Hampton Road West,Feltham,TW13 6BE,
SBHA-ESTATE PRIDE REPAIRS,3453,2947,32A,,,,SBHA295666, 30/10/2020, £81.10 ,1000063,ESTATE,,Bailey Court Estate,97,Vespan Road,Shepherds Bush,W12 9QP,
SBHA-RESPONSIVE,32A,211,32A,,,,SBHA295675, 30/10/2020, £228.06 ,5496,,A,,53,Linden Gardens,Chiswick,W4 2EH,
SBHA-VOIDS,32A,2131,36V,,,,SBHA295676, 30/10/2020," £1,365.59 ",5645,,A,,66-68,Claxton Grove,Hammersmith,W6 8HE,
SBHA-RESPONSIVE,34103,211,32A,,,,SBHA295679, 30/10/2020, £103.50 ,8027,,,,28,Nene Gardens,Hanworth,TW13 5PQ,
SBHA-RESPONSIVE,34145,211,32A,,,,SBHA295687, 30/10/2020, £174.30 ,12453,,8,Anglers Retreat Court,,Cricketfield Road,West Drayton,UB7 7FZ,
SBHA-RESPONSIVE,32A,211,32A,,,,SBHA295688, 30/10/2020," £3,245.88 ",4512,,A,,32,Percy Road,Shepherds Bush,W12 9QA,
SBHA-RESPONSIVE,32A,211,32A,,,,SBHA295693, 30/10/2020, £517.85 ,4983,,B,,60,Avonmore Road,West Kensington,W14 8RS,
SBHA-RESPONSIVE,3405,211,32A,,,,SBHA295701, 30/10/2020, £131.41 ,5356,,9,,31,Pembridge Square,Notting Hill,W2 4DT,
SBHA-RESPONSIVE,32A,211,32A,,,,SBHA295707, 30/10/2020," £1,949.47 ",8960,,,,68,Hobart Close,Hayes,UB4 9NJ,
SBHA-RESPONSIVE,32A,211,32A,,,,SBHA295715, 30/10/2020, £435.07 ,5574,,,,584,London Road,Isleworth,TW7 4EY,
SBHA-RESPONSIVE,32A,211,32A,,,,SBHA295726, 30/10/2020, £121.29 ,4060,,C,,35,Ellerslie Road,Shepherds Bush,W12 7BN,
SBHA - Gas Responsive,32A,211,32A,,,,SBHA295737, 30/10/2020," £2,413.08 ",4412,,B,,80,Cathnor Road,Shepherds Bush,W12 9JA,
SBHA-RESPONSIVE,32A,211,32A,,,,SBHA295745, 30/10/2020," £2,295.40 ",9868,,,,52,Highview Road,West Ealing,W13 0HN,
SBHA-RESPONSIVE,3453,211,32A,,,,SBHA295748, 30/10/2020, £59.08 ,7557,,4,Bailey Court,97,Vespan Road,Shepherds Bush,W12 9QP,
SBHA-RESPONSIVE,3446,211,32A,,,,SBHA295755, 30/10/2020, £36.04 ,7220,,,,10,Beattie Close,Feltham,TW14 9RR,
SBHA-RESPONSIVE,32A,211,32A,,,,SBHA295756, 30/10/2020, £60.13 ,7435,,,,34,Everington Street,Hammersmith,W6 8DG,
SBHA-RESPONSIVE,32A,211,32A,,,,SBHA295765, 30/10/2020, £81.85 ,5108,,A,,70,Milson Road,West Kensington,W14 0LA,
SBHA-RESPONSIVE,32A,211,32A,,,,SBHA295838, 30/10/2020, £248.34 ,4376,,C,,213,Uxbridge Road,Shepherds Bush,W12 9DH,
SBHA-RESPONSIVE,32A,211,32A,,,,SBHA295842, 30/10/2020, £988.83 ,6489,,,,66A,Batman Close,Shepherds Bush,W12 7NU,
SBHA-RESPONSIVE,3460A,211,32A,,,,SBHA295844, 30/10/2020, £105.17 ,7755,,,,11,Parnell Close,Shepherds Bush,W12 9NU,
SBHA-RESPONSIVE,3441,211,32A,,,,SBHA295855, 30/10/2020, £333.07 ,7204,,,,6,Granville Place,Fulham,SW6 2HB,
SBHA-RESPONSIVE,32A,211,32A,,,,SBHA295858, 30/10/2020, £188.46 ,5997,,A,,63,Hestercombe Avenue,Fulham,SW6 5LL,
SBHA-RESPONSIVE,32A,211,32A,,,,SBHA295866, 30/10/2020, £296.29 ,6094,,,,14A,Byam Street,Fulham,SW6 2RF,
SBHA-RESPONSIVE,32A,211,32A,,,,SBHA295883, 30/10/2020," £3,315.58 ",5438,,A,,527,Chiswick High Road,Chiswick,W4 3AY,
SBHA-RESPONSIVE,32A,211,32A,,,,SBHA295884, 30/10/2020, £100.66 ,6253,,,,217,Stephendale Road,Fulham,SW6 2PR,
SBHA-RESPONSIVE,32A,211,32A,,,,SBHA295904, 30/10/2020, £22.97 ,5196,,C,,44,Sinclair Road,West Kensington,W14 0NH,
SBHA-RESPONSIVE,32A,211,32A,,,,SBHA295905, 30/10/2020, £30.36 ,5196,,C,,44,Sinclair Road,West Kensington,W14 0NH,
SBHA-RESPONSIVE,3402,211,32A,,,,SBHA295906, 30/10/2020, £78.64 ,4292,,6,Evelyn House,99,Cobbold Road,Shepherds Bush,W12 9LR,
SBHA-RESPONSIVE,32A,211,32A,,,,SBHA295933, 30/10/2020, £78.65 ,4239,,B,,8,Askew Road,Shepherds Bush,W12 9BH,
SBHA-RESPONSIVE,34145,211,32A,,,,SBHA295939, 30/10/2020, £116.82 ,12462,,16,Anglers Retreat Court,,Cricketfield Road,West Drayton,UB7 7FZ,
SBHA-RESPONSIVE,32A,211,32A,,,,SBHA295948, 30/10/2020, £55.77 ,5598,,,,697,Hanworth Road,Hounslow,TW4 5PS,
SBHA-RESPONSIVE,32A,211,32A,,,,SBHA295960, 30/10/2020, £334.82 ,4775,,A,,24,Southerton Road,Hammersmith,W6 0PH,
SBHA-RESPONSIVE,32A,211,32A,,,,SBHA295962, 30/10/2020, £74.32 ,4032,,B,,44,Bracewell Road,Ladbroke Grove,W10 6AF,
SBHA-RESPONSIVE,3455,211,32A,,,,SBHA295965, 30/10/2020, £76.24 ,7586,,6,Hillary Court,,Titmuss Street,Shepherds Bush,W12 8HT,
SBHA-RESPONSIVE,32A,211,32A,,,,SBHA295967, 30/10/2020, £56.65 ,4198,,A,,117,Stanlake Road,Shepherds Bush,W12 7HQ,
SBHA-RESPONSIVE,32A,211,32A,,,,SBHA295971, 30/10/2020, £25.04 ,5804,,,,23,Holyport Road,Fulham,SW6 6LY,
SBHA-RESPONSIVE,3493,211,32A,,,,SBHA295986, 30/10/2020, £473.56 ,9177,,,,21,Pearscroft Road,Fulham,SW6 2BL,
SBHA-RESPONSIVE,3410,211,32A,,,,SBHA295994, 30/10/2020, £127.66 ,6526,,3,Lea Court,9,Butler Street,Hillingdon,UB10 0QR,
SBHA-RESPONSIVE,3447,211,32A,,,,SBHA296005, 30/10/2020, £413.55 ,7270,,2,Northcroft Court,61,Becklow Road,Shepherds Bush,W12 9HE,
SBHA-RESPONSIVE,3441,211,32A,,,,SBHA296008, 30/10/2020, £101.62 ,7206,,,,8,Granville Place,Fulham,SW6 2HB,
SBHA-RESPONSIVE,34108,211,32A,,,,SBHA296009, 30/10/2020," £1,350.11 ",9203,,6,,2,Town Meadow,Brentford,TW8 0BZ,
SBHA-RESPONSIVE,32A,211,32A,,,,SBHA296012, 30/10/2020, £128.40 ,4617,,A,,17,Aldensley Road,Hammersmith,W6 0DH,
SBHA-RESPONSIVE,32A,211,32A,,,,SBHA296016, 30/10/2020, £186.45 ,4146,,B,,85,Macfarlane Road,Shepherds Bush,W12 7JY,
SBHA-RESPONSIVE,34114H,211,32A,,,,SBHA296018, 30/10/2020, £113.30 ,9773,,,,41,De Morgan Road,Fulham,SW6 2RP,
SBHA-RESPONSIVE,34114H,211,32A,,,,SBHA296021, 30/10/2020, £55.05 ,9773,,,,41,De Morgan Road,Fulham,SW6 2RP,
SBHA-RESPONSIVE,34211,211,32A,,,,SBHA296027, 30/10/2020, £319.29 ,11476,,,,13,Marbaix Gardens,Isleworth,TW7 4FD,
SBHA-RESPONSIVE,32A,211,32A,,,,SBHA296049, 30/10/2020, £225.36 ,5847,,B,,23,Rainville Road,Hammersmith,W6 9HA,
SBHA-RESPONSIVE,32A,211,32A,,,,SBHA296064, 30/10/2020, £101.88 ,5847,,B,,23,Rainville Road,Hammersmith,W6 9HA,
SBHA-RESPONSIVE,32A,211,32A,,,,SBHA296066, 30/10/2020, £216.74 ,6331,,B,,13,Iffley Road,Hammersmith,W6 0PB,
SBHA-RESPONSIVE,32A,211,32A,,,,SBHA296068, 30/10/2020, £290.63 ,5970,,C,,46,Fulham Park Gardens,Fulham,SW6 4JZ,
SBHA-RESPONSIVE,32A,211,32A,,,,SBHA296069, 30/10/2020, £302.71 ,4582,,B,,40,Stowe Road,Shepherds Bush,W12 8BW,
SBHA-RESPONSIVE,32A,211,32A,,,,SBHA296070, 30/10/2020, £122.67 ,5468,,,,96,Devonshire Road,Chiswick,W4 2HS,
SBHA-RESPONSIVE,32A,211,32A,,,,SBHA296075, 30/10/2020, £117.71 ,4049,,A,,10,Ellerslie Road,Shepherds Bush,W12 7BW,
SBHA-RESPONSIVE,3493,2114,,,,,SBHA296076, 30/10/2020, £146.81 ,9177,,,,21,Pearscroft Road,Fulham,SW6 2BL,
SBHA-RESPONSIVE,32A,211,32A,,,,SBHA296079, 30/10/2020, £62.61 ,9083,,,,3,Pearscroft Road,Fulham,SW6 2DP,
SBHA-RESPONSIVE,32A,211,32A,,,,SBHA296083, 30/10/2020, £101.62 ,5325,,,,10,Shepherds Close,Uxbridge,UB8 2EZ,
SBHA-RESPONSIVE,34216A,211,32A,,,,SBHA296084, 30/10/2020, £119.74 ,12575,,9,Bertram House,150,Hampton Road West,Feltham,TW13 6BE,
SBHA-RESPONSIVE,34142,211,32A,,,,SBHA296086, 30/10/2020, £148.36 ,12276,,5,Celtic House,3,Blacks Road,Hammersmith,W6 9DT,
SBHA-RESPONSIVE,32A,211,32A,,,,SBHA296091, 30/10/2020, £119.74 ,5858,,A,,37,Seagrave Road,Fulham,SW6 1SA,
SBHA-RESPONSIVE,32A,211,32A,,,,SBHA296122, 30/10/2020, £60.10 ,6271,,,,346A,Wandsworth Bridge Road,Fulham,SW6 2TZ,
SBHA-RESPONSIVE,3416,211,32A,,,,SBHA296124, 30/10/2020, £963.06 ,6821,,,,100A,Lakeside Road,West Kensington,W14 0DY,
SBHA-RESPONSIVE,3460A,211,32A,,,,SBHA296135, 30/10/2020, £167.73 ,7756,,,,13,Parnell Close,Shepherds Bush,W12 9NU,
SBHA-RESPONSIVE,32A,211,32A,,,,SBHA296153, 30/10/2020, £235.52 ,7937,,,,20,Byward Avenue,Feltham,TW14 0EY,
SBHA - Gas Responsive,3455,211,32A,,,,SBHA296156, 30/10/2020," £2,102.69 ",7579,,4,Hillary Court,,Titmuss Street,Shepherds Bush,W12 8HT,
SBHA - Gas Boiler Replacement,32A,513,36,R1804FR,6G,JK,SBHA296171, 30/10/2020," £2,040.37 ",4962,,C,,47,Addison Gardens,West Kensington,W14 0DP,
SBHA - Gas Boiler Replacement,3466,513,36,R1804FR,6G,JK,SBHA296173, 30/10/2020," £2,040.37 ",6278,,D,,292,Earls Court Road,Earls Court,SW5 9BA,
SBHA-RESPONSIVE,3460A,211,32A,,,,SBHA296174, 30/10/2020, £105.90 ,7754,,,,7,Parnell Close,Shepherds Bush,W12 9NU,
SBHA-RESPONSIVE,32A,211,32A,,,,SBHA296205, 30/10/2020, £146.74 ,6008,,B,,37,Mablethorpe Road,Fulham,SW6 6AQ,
SBHA-RESPONSIVE,3462A,211,32A,,,,SBHA296215, 30/10/2020, £258.67 ,7878,,,,2,St Marks Close,Fulham,SW6 4PE,
SBHA-RESPONSIVE,32A,211,32A,,,,SBHA296224, 30/10/2020, £133.55 ,5415,,C,,32,Bath Road,Chiswick,W4 1LW,
SBHA-RESPONSIVE,32A,211,32A,,,,SBHA296227, 30/10/2020, £59.02 ,4447,,A,,57,Davisville Road,Shepherds Bush,W12 9SH,
SBHA-RESPONSIVE,32A,211,32A,,,,SBHA296229, 30/10/2020, £254.34 ,4465,,A,,60,Devonport Road,Shepherds Bush,W12 8NU,
SBHA-VOIDS,3428,2131,36V,,,,SBHA296247, 30/10/2020," £4,993.80 ",5763,,17,Clifford Haigh House,280,Fulham Palace Road,Fulham,SW6 6HP,
SBHA-VOIDS,3428,2131,36V,,,,SBHA296248, 30/10/2020," £3,528.83 ",5763,,17,Clifford Haigh House,280,Fulham Palace Road,Fulham,SW6 6HP,
SBHA-RESPONSIVE,3447,211,32A,,,,SBHA296250, 30/10/2020, £60.72 ,7295,,27,Northcroft Court,61,Becklow Road,Shepherds Bush,W12 9HE,
SBHA-VOIDS,3428,2131,36V,,,,SBHA296251, 30/10/2020," £7,324.13 ",5763,,17,Clifford Haigh House,280,Fulham Palace Road,Fulham,SW6 6HP,
SBHA-RESPONSIVE,32A,211,32A,,,,SBHA296252, 30/10/2020, £87.56 ,4577,,A,,36,Stowe Road,Shepherds Bush,W12 8BW,
SBHA-RESPONSIVE,32A,211,32A,,,,SBHA296253, 30/10/2020, £137.76 ,5283,,A,,59,Hanger Lane,Ealing,W5 3HL,
SBHA-RESPONSIVE,34114D,211,32A,,,,SBHA296257, 30/10/2020, £106.03 ,9673,,16,Spackman House,12,Townmead Road,Fulham,SW6 2NZ,
SBHA-RESPONSIVE,32A,211,32A,,,,SBHA296261, 30/10/2020, £86.20 ,4934,,A,,130,Sulgrave Road,Shepherds Bush,W6 7PU,
SBHA-RESPONSIVE,32A,211,32A,,,,SBHA296264, 30/10/2020, £96.86 ,5812,,,,35,Holyport Road,Fulham,SW6 6LY,
SBHA-RESPONSIVE,3418,211,32A,,,,SBHA296270, 30/10/2020, £38.70 ,7083,,,,99,Glenthorne Road,Hammersmith,W6 0LJ,
SBHA-RESPONSIVE,3437,211,32A,,,,SBHA296271, 30/10/2020, £124.42 ,5886,,7,Twynholm Mansions,,Lillie Road,Fulham,SW6 7NX,
SBHA-RESPONSIVE,3402,211,32A,,,,SBHA296277, 30/10/2020, £96.86 ,4285,,5,Cotton House,101,Cobbold Road,Shepherds Bush,W12 9LS,
SBHA-RESPONSIVE,32A,211,32A,,,,SBHA296279, 30/10/2020, £158.06 ,5369,,A,,54,Pembridge Villas,Notting Hill,W11 3EG,
SBHA-RESPONSIVE,34129,211,32A,,,,SBHA296282, 30/10/2020, £155.78 ,6347,,6,,90-92,Carlyle Road,Ealing,W5 4BJ,
SBHA - Gas Boiler Replacement,32A,513,36,R1804FR,6G,JK,SBHA296284, 30/10/2020," £2,040.37 ",5230,,D,,118,Sinclair Road,West Kensington,W14 0NL,
SBHA-RESPONSIVE,3436,211,32A,,,,SBHA296288, 30/10/2020," £3,290.30 ",6761,,2,Chandler Court,,Staines Road,Bedfont,TW14 9EA,
SBHA-RESPONSIVE,32A,211,32A,,,,SBHA296289, 30/10/2020," £4,051.08 ",5006,,3,,1,Bolingbroke Road,West Kensington,W14 0AJ,
SBHA-RESPONSIVE,3462A,211,32A,,,,SBHA296310, 30/10/2020, £101.62 ,7876,,,,24,St Marks Close,Fulham,SW6 4PE,
SBHA-RESPONSIVE,32A,211,32A,,,,SBHA296318, 30/10/2020," £1,577.09 ",5869,,B,,23,Sedlescombe Road,Fulham,SW6 1RE,
SBHA-RESPONSIVE,32A,211,32A,,,,SBHA296327, 30/10/2020, £94.78 ,5223,,A,,116,Sinclair Road,West Kensington,W14 0NL,
SBHA-RESPONSIVE,32A,211,32A,,,,SBHA296332, 30/10/2020, £91.08 ,4443,,C,,39,Davisville Road,Shepherds Bush,W12 9SH,
SBHA-RESPONSIVE,3423,211,32A,,,,SBHA296333, 30/10/2020, £101.62 ,11436,,,,36,Saunders Road,Uxbridge,UB10 0RL,
SBHA-RESPONSIVE,34142,211,32A,,,,SBHA296337, 30/10/2020, £25.04 ,12276,,5,Celtic House,3,Blacks Road,Hammersmith,W6 9DT,
SBHA-RESPONSIVE,32A,211,32A,,,,SBHA296338, 30/10/2020, £90.12 ,5415,,C,,32,Bath Road,Chiswick,W4 1LW,
SBHA-RESPONSIVE,32A,211,32A,,,,SBHA296339, 30/10/2020, £203.24 ,4109,,B,,17,Loftus Road,Shepherds Bush,W12 7EH,
SBHA-RESPONSIVE,3456,211,32A,,,,SBHA296342, 30/10/2020, £98.99 ,7685,,,,61,Sandalwood Drive,Ruislip,HA4 7JT,
SBHA-RESPONSIVE,3456,211,32A,,,,SBHA296353, 30/10/2020, £57.86 ,7637,,,,74,Sandalwood Drive,Ruislip,HA4 7JT,
SBHA-RESPONSIVE,32A,211,32A,,,,SBHA296356, 30/10/2020, £65.76 ,4832,,A,,222,Hammersmith Grove,Hammersmith,W6 7HG,
SBHA-RESPONSIVE,32A,211,32A,,,,SBHA296364, 30/10/2020, £333.07 ,5702,,A,,15,Talgarth Road,Barons Court,W14 9DB,
SBHA-RESPONSIVE,32A,211,32A,,,,SBHA296369, 30/10/2020, £22.97 ,5543,,C,,129,Windmill Road,Brentford,TW8 9NH,
SBHA-RESPONSIVE,32A,211,32A,,,,SBHA296371, 30/10/2020, £151.80 ,5223,,A,,116,Sinclair Road,West Kensington,W14 0NL,
SBHA-RESPONSIVE,32A,211,32A,,,,SBHA296372, 30/10/2020, £236.80 ,4595,,B,,29,Warbeck Road,Shepherds Bush,W12 8NS,
SBHA-RESPONSIVE,3438,211,32A,,,,SBHA296373, 30/10/2020, £106.80 ,6585,,,,28,Falcon Close,Chiswick,W4 3XQ,
SBHA-RESPONSIVE,3493,211,32A,,,,SBHA296378, 30/10/2020, £87.56 ,9177,,,,21,Pearscroft Road,Fulham,SW6 2BL,
SBHA-RESPONSIVE,34122B,211,32A,,,,SBHA296380, 30/10/2020, £176.50 ,11603,,7,Carmelita House,20,Dawes Road,Fulham,SW6 7EN,
SBHA-RESPONSIVE,32A,211,32A,,,,SBHA296382, 30/10/2020, £101.62 ,5210,,B,,91,Sinclair Road,West Kensington,W14 0NR,
SBHA-RESPONSIVE,34122B,211,32A,,,,SBHA296383, 30/10/2020, £111.34 ,11603,,7,Carmelita House,20,Dawes Road,Fulham,SW6 7EN,
SBHA-RESPONSIVE,3493,211,32A,,,,SBHA296385, 30/10/2020, £98.29 ,9177,,,,21,Pearscroft Road,Fulham,SW6 2BL,
SBHA-RESPONSIVE,34144,211,32A,,,,SBHA296386, 30/10/2020, £137.76 ,12343,,13,Golden Cross Court,,Botwell Lane,Hayes,UB3 2AD,
SBHA-RESPONSIVE,32A,211,32A,,,,SBHA296387, 30/10/2020, £137.48 ,5210,,B,,91,Sinclair Road,West Kensington,W14 0NR,
SBHA-RESPONSIVE,3431,211,32A,,,,SBHA296390, 30/10/2020, £84.37 ,5556,,7,Angel House,,Cadbury Close,Isleworth,TW7 5AU,
SBHA-RESPONSIVE,32A,211,32A,,,,SBHA296394, 30/10/2020, £120.04 ,5989,,D,,38,Hestercombe Avenue,Fulham,SW6 5LJ,
SBHA-RESPONSIVE,32A,211,32A,,,,SBHA296397, 30/10/2020, £225.16 ,9868,,,,52,Highview Road,West Ealing,W13 0HN,
SBHA-RESPONSIVE,3489,211,32A,,,,SBHA296402, 30/10/2020, £54.46 ,9039,,187,,,Holland Gardens,Brentford,TW8 0AX,
SBHA-RESPONSIVE,3420D,211,32A,,,,SBHA296409, 30/10/2020, £324.00 ,10716,,23,Windmill Court,4,West Way,Ruislip,HA4 8FG,
SBHA-RESPONSIVE,3462A,211,32A,,,,SBHA296410, 30/10/2020, £96.86 ,7878,,,,2,St Marks Close,Fulham,SW6 4PE,
SBHA-RESPONSIVE,3497A,211,32A,,,,SBHA296414, 30/10/2020, £50.81 ,9094,,,,76,St Thomas Road,Chiswick,W4 3LQ,
SBHA-RESPONSIVE,3420D,211,32A,,,,SBHA296417, 30/10/2020, £432.00 ,10717,,24,Windmill Court,4,West Way,Ruislip,HA4 8FG,
SBHA-RESPONSIVE,3445B,211,32A,,,,SBHA296420, 30/10/2020, £74.69 ,6978,,,,8,Pulton Place,Fulham,SW6 1EF,
SBHA-RESPONSIVE,34130,211,32A,,,,SBHA296433, 30/10/2020, £168.00 ,12054,,1,Art Wood Apartments,30,St Stephens Road,West Drayton,UB7 7RL,
SBHA-RESPONSIVE,32A,211,32A,,,,SBHA296440, 30/10/2020, £55.05 ,4483,,B,,106,Devonport Road,Shepherds Bush,W12 8NU,
SBHA-RESPONSIVE,3404,211,32A,,,,SBHA296447, 30/10/2020, £60.72 ,5336,,1,,19,Pembridge Gardens,Notting Hill,W2 4EA,
SBHA-RESPONSIVE,32A,211,32A,,,,SBHA296452, 30/10/2020," £1,325.87 ",5441,,A,,529,Chiswick High Road,Chiswick,W4 3AY,
SBHA-RESPONSIVE,3404,211,32A,,,,SBHA296453, 30/10/2020, £55.40 ,5336,,1,,19,Pembridge Gardens,Notting Hill,W2 4EA,
SBHA-RESPONSIVE,34114D,211,32A,,,,SBHA296455, 30/10/2020," £1,880.02 ",9661,,3,Spackman House,12,Townmead Road,Fulham,SW6 2NZ,
SBHA-RESPONSIVE,34114D,211,32A,,,,SBHA296458, 30/10/2020, £118.25 ,9666,,7,Spackman House,12,Townmead Road,Fulham,SW6 2NZ,
SBHA-RESPONSIVE,34118A,211,32A,,,,SBHA296466, 30/10/2020, £118.25 ,9969,,48,Kelway House,162,North End Road,West Kensington,W14 9PR,
SBHA-RESPONSIVE,32A,211,32A,,,,SBHA296467, 30/10/2020, £60.72 ,6125,,B,,27,Glenrosa Street,Fulham,SW6 2QY,
SBHA-RESPONSIVE,32A,211,32A,,,,SBHA296481, 30/10/2020, £54.07 ,8494,,,,21,Hazeltree Lane,Northolt,UB5 6XA,
SBHA-RESPONSIVE,32A,211,32A,,,,SBHA296484, 30/10/2020, £119.74 ,4482,,A,,106,Devonport Road,Shepherds Bush,W12 8PU,
SBHA-RESPONSIVE,34118A,211,32A,,,,SBHA296503, 30/10/2020, £156.48 ,3139,PROPERTY,,,,KELWAY HOUSE,162 NORTH END ROAD,W14 9PR,
SBHA-RESPONSIVE,32A,211,32A,,,,SBHA296505, 30/10/2020, £131.56 ,5252,,B,,10,Stanwick Road,West Kensington,W14 8UH,
SBHA-RESPONSIVE,32A,211,32A,,,,SBHA296509, 30/10/2020, £133.97 ,4198,,A,,117,Stanlake Road,Shepherds Bush,W12 7HQ,
SBHA-RESPONSIVE,34114A,211,32A,,,,SBHA296511, 30/10/2020, £18.02 ,9890,,24,Cairns House,291,Wandsworth Bridge Road,Fulham,SW6 2NX,
SBHA-RESPONSIVE,32A,211,32A,,,,SBHA296518, 30/10/2020, £30.36 ,11538,,,,218,Aylsham Drive,Ickenham,UB10 8UF,
SBHA-VOIDS,32A,2131,36V,,,,SBHA296520, 30/10/2020," £5,147.67 ",5673,,B,,20,Gastein Road,Hammersmith,W6 8LU,
SBHA-VOIDS,32A,2131,36V,,,,SBHA296523, 30/10/2020," £2,061.63 ",4949,,C,,27,Woodstock Grove,Shepherds Bush,W12 8LE,
SBHA-RESPONSIVE,34127,211,32A,,,,SBHA296540, 30/10/2020, £157.21 ,11710,,,,494A,Fulham Palace Road,Fulham,SW6 6HZ,
SBHA-RESPONSIVE,32A,211,32A,,,,SBHA296546, 30/10/2020, £164.51 ,6260,,A,,39,Tynemouth Street,Fulham,SW6 2QS,
SBHA-RESPONSIVE,32A,211,32A,,,,SBHA296548, 30/10/2020, £30.36 ,6136,,B,,4,Hamble Street,Fulham,SW6 2RS,
SBHA-RESPONSIVE,32A,211,32A,,,,SBHA296549, 30/10/2020, £93.71 ,5869,,B,,23,Sedlescombe Road,Fulham,SW6 1RE,
SBHA-RESPONSIVE,32A,211,32A,,,,SBHA296552, 30/10/2020, £302.71 ,5416,,A,,34,Bath Road,Chiswick,W4 1LW,
SBHA-RESPONSIVE,32A,211,32A,,,,SBHA296553, 30/10/2020, £148.61 ,5467,,B,,25,Devonshire Road,Chiswick,W4 2EX,
SBHA-RESPONSIVE,32A,211,32A,,,,SBHA296555, 30/10/2020, £335.70 ,5842,,A,,4,Rainville Road,Hammersmith,W6 9HA,
SBHA-RESPONSIVE,32A,211,32A,,,,SBHA296557, 30/10/2020, £60.72 ,8971,,,,1,Delta Grove,Northolt,UB5 6DX,
SBHA-RESPONSIVE,34130,211,32A,,,,SBHA296560, 30/10/2020, £118.25 ,12067,,14,Art Wood Apartments,30,St Stephens Road,West Drayton,UB7 7RL,
SBHA-RESPONSIVE,34130,211,32A,,,,SBHA296561, 30/10/2020, £62.25 ,12067,,14,Art Wood Apartments,30,St Stephens Road,West Drayton,UB7 7RL,
SBHA-RESPONSIVE,32A,211,32A,,,,SBHA296564, 30/10/2020, £101.62 ,4983,,B,,60,Avonmore Road,West Kensington,W14 8RS,
SBHA-RESPONSIVE,32A,211,32A,,,,SBHA296565, 30/10/2020, £106.87 ,4719,,A,,88,Iffley Road,Hammersmith,W6 0PF,
SBHA-RESPONSIVE,32A,211,32A,,,,SBHA296566, 30/10/2020, £175.58 ,4023,,B,,28,Bloemfontein Road,Shepherds Bush,W12 7BX,
SBHA-RESPONSIVE,32A,211,32A,,,,SBHA296572, 30/10/2020, £55.67 ,7510,,,,256,Greenford Avenue,Hanwell,W7 3AA,
SBHA-RESPONSIVE,3465AD,211,32A,,,,SBHA296583, 30/10/2020, £96.86 ,7955,,2,,21,Acock Grove,Northolt,UB5 4RT,
SBHA-RESPONSIVE,32A,211,32A,,,,SBHA296591, 30/10/2020, £129.70 ,4142,,B,,47,Macfarlane Road,Shepherds Bush,W12 7JY,
SBHA-RESPONSIVE,3447,211,32A,,,,SBHA296598, 30/10/2020, £179.96 ,7293,,25,Northcroft Court,61,Becklow Road,Shepherds Bush,W12 9HE,
SBHA-RESPONSIVE,32A,211,32A,,,,SBHA296603, 30/10/2020, £136.70 ,11422,,,,27,Beech Close,West Drayton,UB7 9LQ,
SBHA-RESPONSIVE,3497A,211,32A,,,,SBHA296604, 30/10/2020, £484.55 ,9094,,,,76,St Thomas Road,Chiswick,W4 3LQ,
SBHA-RESPONSIVE,32A,211,32A,,,,SBHA296608, 30/10/2020, £89.28 ,6125,,B,,27,Glenrosa Street,Fulham,SW6 2QY,
SBHA-RESPONSIVE,32A,211,32A,,,,SBHA296609, 30/10/2020, £76.90 ,11422,,,,27,Beech Close,West Drayton,UB7 9LQ,
SBHA-RESPONSIVE,32A,211,32A,,,,SBHA296614, 30/10/2020," £3,119.62 ",5223,,A,,116,Sinclair Road,West Kensington,W14 0NL,
SBHA-RESPONSIVE,32A,211,32A,,,,SBHA296616, 30/10/2020, £101.62 ,4429,,D,,141,Coningham Road,Shepherds Bush,W12 8BU,
SBHA-RESPONSIVE,32A,211,32A,,,,SBHA296627, 30/10/2020, £80.38 ,5252,,B,,10,Stanwick Road,West Kensington,W14 8UH,
SBHA - Gas Annual Safety Check,32A,2131,36G,,,,SBHA296633, 30/10/2020," £2,481.11 ",6049,,C,,22,Rostrevor Road,Fulham,SW6 5AD,
SBHA-RESPONSIVE,34114D,211,32A,,,,SBHA296635, 30/10/2020, £65.06 ,9661,,3,Spackman House,12,Townmead Road,Fulham,SW6 2NZ,
SBHA-RESPONSIVE,32A,211,32A,,,,SBHA296637, 30/10/2020, £25.04 ,4124,,B,,64,Loftus Road,Shepherds Bush,W12 7EL,
SBHA-RESPONSIVE,3463,211,32A,,,,SBHA296639, 30/10/2020, £149.53 ,5380,,H,,14-16,West Cromwell Road,Earls Court,SW5 9QJ,
SBHA-RESPONSIVE,3438,211,32A,,,,SBHA296646, 30/10/2020, £73.18 ,6593,,,,5,Falcon Close,Chiswick,W4 3XQ,
SBHA-RESPONSIVE,34147,211,32A,,,,SBHA296650, 30/10/2020, £18.02 ,12606,,9,,118,Bedfont Lane,Feltham,TW14 9BP,
SBHA-RESPONSIVE,34147,211,32A,,,,SBHA296652, 30/10/2020, £50.81 ,12612,,15,,118,Bedfont Lane,Feltham,TW14 9BP,
SBHA-RESPONSIVE,3438,211,32A,,,,SBHA296653, 30/10/2020, £45.94 ,6593,,,,5,Falcon Close,Chiswick,W4 3XQ,
SBHA-RESPONSIVE,32A,211,32A,,,,SBHA296669, 30/10/2020, £60.72 ,8439,,,,23,Hornbeam Road,Hayes,UB4 9EE,
SBHA-RESPONSIVE,32A,211,32A,,,,SBHA296671, 30/10/2020, £96.15 ,6107,,A,,44,De Morgan Road,Fulham,SW6 2RP,
SBHA-RESPONSIVE,3489,211,32A,,,,SBHA296672, 30/10/2020, £120.74 ,9061,,218,,,Holland Gardens,Brentford,TW8 0AX,
SBHA-RESPONSIVE,3467C,211,32A,,,,SBHA296696, 30/10/2020, £122.24 ,8205,,13,Merlin Court,66A,Gurnell Grove,West Ealing,W13 0AN,
SBHA-RESPONSIVE,32A,211,32A,,,,SBHA296700, 30/10/2020, £117.35 ,5423,,A,,24,Binns Road,Chiswick,W4 2BS,
SBHA-RESPONSIVE,34138,211,32A,,,,SBHA296703, 30/10/2020, £107.56 ,12149,,4,Brook House,745,London Road,Hounslow,TW3 1SU,
SBHA-RESPONSIVE,34144,211,32A,,,,SBHA296704, 30/10/2020, £140.68 ,12348,,18,Golden Cross Court,,Botwell Lane,Hayes,UB3 2AD,
SBHA-RESPONSIVE,32A,211,32A,,,,SBHA296706, 30/10/2020, £30.48 ,6006,,B,,70,Kingwood Road,Fulham,SW6 6SS,
SBHA-RESPONSIVE,3460A,211,32A,,,,SBHA296710, 30/10/2020, £75.58 ,7768,,,,9,Parnell Close,Shepherds Bush,W12 9NU,
SBHA-RESPONSIVE,3462A,211,32A,,,,SBHA296711, 30/10/2020, £141.38 ,7875,,,,23,St Marks Close,Fulham,SW6 4PE,
SBHA-RESPONSIVE,32A,211,32A,,,,SBHA296714, 30/10/2020, £69.00 ,8352,,,,94,Hampton Road West,Feltham,TW13 6BB,
SBHA-RESPONSIVE,32A,211,32A,,,,SBHA296719, 30/10/2020, £85.02 ,7828,,,,41,George Street,Hounslow,TW3 4NA,
SBHA-RESPONSIVE,3489,211,32A,,,,SBHA296720, 30/10/2020, £44.95 ,9055,,209,,,Holland Gardens,Brentford,TW8 0AX,
SBHA-RESPONSIVE,32A,211,32A,,,,SBHA296722, 30/10/2020, £113.48 ,5574,,,,584,London Road,Isleworth,TW7 4EY,
SBHA-RESPONSIVE,32A,211,32A,,,,SBHA296723, 30/10/2020, £86.76 ,4472,,C,,77,Devonport Road,Shepherds Bush,W12 8PB,
SBHA-RESPONSIVE,3489,211,32A,,,,SBHA296725, 30/10/2020, £76.12 ,9055,,209,,,Holland Gardens,Brentford,TW8 0AX,
SBHA-RESPONSIVE,3465B,211,32A,,,,SBHA296728, 30/10/2020, £117.76 ,7942,,,,7,Acock Grove,Northolt,UB5 4RT,
SBHA-RESPONSIVE,32A,211,32A,,,,SBHA296736, 30/10/2020, £86.44 ,4023,,B,,28,Bloemfontein Road,Shepherds Bush,W12 7BX,
SBHA-RESPONSIVE,3417,211,32A,,,,SBHA296738, 30/10/2020, £134.82 ,6947,,,,39,Cambridge Grove,Hammersmith,W6 0LA,
SBHA-RESPONSIVE,3404,211,32A,,,,SBHA296739, 30/10/2020, £193.55 ,5336,,1,,19,Pembridge Gardens,Notting Hill,W2 4EA,
SBHA-RESPONSIVE,32A,211,32A,,,,SBHA296744, 30/10/2020, £302.71 ,5869,,B,,23,Sedlescombe Road,Fulham,SW6 1RE,
SBHA-RESPONSIVE,32A,211,32A,,,,SBHA296747, 30/10/2020, £81.70 ,5796,,A,,7,Hildyard Road,Fulham,SW6 1SG,
SBHA-RESPONSIVE,32A,211,32A,,,,SBHA296750, 30/10/2020, £56.92 ,8585,,,,86,Clayton Road,Hayes,UB3 1BA,
SBHA-RESPONSIVE,32A,211,32A,,,,SBHA296753, 30/10/2020, £54.01 ,4500,,A,,67,Greenside Road,Shepherds Bush,W12 9JQ,
SBHA-RESPONSIVE,3409,211,32A,,,,SBHA296754, 30/10/2020, £61.06 ,6516,,6,Midwinter Court,199,Oldfield Lane North,Greenford,UB6 8PN,
SBHA - Gas Boiler Replacement,32A,513,36,R1804FR,6G,JK,SBHA296760, 30/10/2020," £2,299.02 ",4497,,C,,114,Godolphin Road,Shepherds Bush,W12 8JW,
SBHA-RESPONSIVE,32A,211,32A,,,,SBHA296761, 30/10/2020, £111.21 ,4428,,C,,141,Coningham Road,Shepherds Bush,W12 8BU,
SBHA-RESPONSIVE,32A,211,32A,,,,SBHA296764, 30/10/2020, £137.65 ,5804,,,,23,Holyport Road,Fulham,SW6 6LY,
SBHA-RESPONSIVE,3447,211,32A,,,,SBHA296773, 30/10/2020, £32.08 ,7293,,25,Northcroft Court,61,Becklow Road,Shepherds Bush,W12 9HE,
SBHA-RESPONSIVE,32A,211,32A,,,,SBHA296777, 30/10/2020, £335.33 ,5703,,B,,15,Talgarth Road,Barons Court,W14 9DB,
SBHA-RESPONSIVE,32A,211,32A,,,,SBHA296778, 30/10/2020, £101.62 ,8401,,,,49,Commonwealth Avenue,Hillingdon,UB3 2PN,
SBHA-RESPONSIVE,32A,211,32A,,,,SBHA296781, 30/10/2020, £40.99 ,8401,,,,49,Commonwealth Avenue,Hillingdon,UB3 2PN,
SBHA-RESPONSIVE,34118A,211,32A,,,,SBHA296784, 30/10/2020, £170.08 ,9955,,17,Kelway House,162,North End Road,West Kensington,W14 9PR,
SBHA-RESPONSIVE,32A,211,32A,,,,SBHA296801, 30/10/2020, £97.06 ,4983,,B,,60,Avonmore Road,West Kensington,W14 8RS,
SBHA - Gas Boiler Replacement,3446,513,36,R1804FR,6G,JK,SBHA296802, 30/10/2020," £2,040.37 ",7217,,,,7,Beattie Close,Feltham,TW14 9RR,
SBHA-RESPONSIVE,32A,211,32A,,,,SBHA296803, 30/10/2020, £164.26 ,5101,,B,,1,Gwendwr Road,West Kensington,W14 9BQ,
SBHA-RESPONSIVE,3436,211,32A,,,,SBHA296809, 30/10/2020, £191.29 ,6761,,2,Chandler Court,,Staines Road,Bedfont,TW14 9EA,
SBHA-RESPONSIVE,3463,211,32A,,,,SBHA296810, 30/10/2020, £60.72 ,5380,,H,,14-16,West Cromwell Road,Earls Court,SW5 9QJ,
SBHA-RESPONSIVE,34217,211,32A,,,,SBHA296816, 30/10/2020, £117.86 ,12640,,11,Capon Court,,Colonnade Gardens,Acton,W3 7QZ,
SBHA-RESPONSIVE,32A,211,32A,,,,SBHA296820, 30/10/2020, £112.22 ,4728,,C,,7,Kilmarsh Road,Hammersmith,W6 0PL,
SBHA-RESPONSIVE,3438,211,32A,,,,SBHA296821, 30/10/2020, £91.06 ,6582,,,,24,Falcon Close,Chiswick,W4 3XQ,
SBHA - Gas Boiler Replacement,32A,513,36,R1804FR,6G,JK,SBHA296822, 30/10/2020," £2,040.37 ",4436,,A,,33,Davisville Road,Shepherds Bush,W12 9SH,
SBHA-RESPONSIVE,32A,211,32A,,,,SBHA296827, 30/10/2020, £96.86 ,8441,,,,93,Rowan Road,West Drayton,UB7 7UG,
SBHA-RESPONSIVE,3462A,211,32A,,,,SBHA296829, 30/10/2020, £182.16 ,7878,,,,2,St Marks Close,Fulham,SW6 4PE,
SBHA-RESPONSIVE,32A,211,32A,,,,SBHA296851, 30/10/2020, £119.93 ,5176,,B,,3,Sinclair Road,West Kensington,W14 0NS,
SBHA-RESPONSIVE,3497A,211,32A,,,,SBHA296853, 30/10/2020, £56.65 ,9090,,,,68,St Thomas Road,Chiswick,W4 3LQ,
SBHA-RESPONSIVE,3463,211,32A,,,,SBHA296854, 30/10/2020, £273.10 ,5380,,H,,14-16,West Cromwell Road,Earls Court,SW5 9QJ,
SBHA-RESPONSIVE,3463,211,32A,,,,SBHA296856, 30/10/2020, £59.76 ,5380,,H,,14-16,West Cromwell Road,Earls Court,SW5 9QJ,
SBHA-RESPONSIVE,3461,211,32A,,,,SBHA296867, 30/10/2020, £130.59 ,7792,,6,,210,Goldhawk Road,Shepherds Bush,W12 9NT,
SBHA-RESPONSIVE,32A,211,32A,,,,SBHA296873, 30/10/2020, £93.71 ,4504,,A,,15,Hetley Road,Shepherds Bush,W12 8BA,
SBHA-RESPONSIVE,32A,211,32A,,,,SBHA296882, 30/10/2020, £43.22 ,8693,,,,4,Carlyle Gardens,Southall,UB1 2BN,
SBHA-RESPONSIVE,3435,211,32A,,,,SBHA296884, 30/10/2020, £96.86 ,5852,,C,The Old Vicarage,,St Andrews Road,Barons Court,W14 9SX,
SBHA-RESPONSIVE,3447,211,32A,,,,SBHA296892, 30/10/2020, £91.08 ,7291,,23,Northcroft Court,61,Becklow Road,Shepherds Bush,W12 9HE,
SBHA-RESPONSIVE,3489,211,32A,,,,SBHA296894, 30/10/2020, £120.74 ,9055,,209,,,Holland Gardens,Brentford,TW8 0AX,
SBHA-RESPONSIVE,32A,211,32A,,,,SBHA296902, 30/10/2020, £56.86 ,5709,,A,,101,Talgarth Road,Barons Court,W14 9DJ,
SBHA-RESPONSIVE,34114D,211,32A,,,,SBHA296904, 30/10/2020, £78.56 ,9661,,3,Spackman House,12,Townmead Road,Fulham,SW6 2NZ,
SBHA-RESPONSIVE,3474,211,32A,,,,SBHA296910, 30/10/2020, £280.20 ,8679,,4,,7,Nicoll Road,Harlesden,NW10 9AX,
SBHA-RESPONSIVE,32A,211,32A,,,,SBHA296915, 30/10/2020, £89.28 ,8903,,,,120,North Circular Road,Neasden,NW10 0QR,
SBHA - Gas Responsive,3413,211,32A,,,,SBHA296916, 30/10/2020," £1,786.47 ",6483,,,,316B,King Street,Hammersmith,W6 0RR,
SBHA-RESPONSIVE,3413,211,32A,,,,SBHA296917, 30/10/2020, £178.56 ,6483,,,,316B,King Street,Hammersmith,W6 0RR,
SBHA - Gas Boiler Replacement,32A,513,36,R1804FR,6G,JK,SBHA296921, 30/10/2020," £2,040.37 ",6107,,A,,44,De Morgan Road,Fulham,SW6 2RP,
SBHA-RESPONSIVE,32A,211,32A,,,,SBHA296922, 30/10/2020, £128.35 ,4589,,A,,62,Stowe Road,Shepherds Bush,W12 8BW,
SBHA-RESPONSIVE,3441,211,32A,,,,SBHA296928, 30/10/2020, £177.84 ,7207,,,,9,Granville Place,Fulham,SW6 2HB,
SBHA - Gas Boiler Replacement,32A,513,36,R1804FR,6G,JK,SBHA296929, 30/10/2020," £2,040.37 ",6125,,B,,27,Glenrosa Street,Fulham,SW6 2QY,
SBHA-RESPONSIVE,32A,211,32A,,,,SBHA296930, 30/10/2020, £140.68 ,5583,,,,34,Spring Grove Road,Hounslow,TW3 4BJ,
SBHA-RESPONSIVE,32A,211,32A,,,,SBHA296940, 30/10/2020, £137.76 ,7449,,,,362,Lillie Road,Fulham,SW6 7PT,
SBHA-RESPONSIVE,32A,211,32A,,,,SBHA296948, 30/10/2020, £30.36 ,4686,,C,,181,Goldhawk Road,Shepherds Bush,W12 8EP,
SBHA-RESPONSIVE,32A,211,32A,,,,SBHA296949, 30/10/2020, £72.09 ,5326,,,,12,Shepherds Close,Uxbridge,UB8 2EZ,
SBHA-RESPONSIVE,32A,211,32A,,,,SBHA296953, 30/10/2020, £39.73 ,4678,,A,,9,Dorville Crescent,Hammersmith,W6 0HH,
SBHA - Gas Boiler Replacement,3439,513,36,R1804FR,6G,JK,SBHA296959, 30/10/2020," £2,040.37 ",6843,,14,Griffin Court,,Beverley Road,Chiswick,W4 2LL,
SBHA - Gas Boiler Replacement,32A,513,36,R1804FR,6G,JK,SBHA296961, 30/10/2020," £2,040.37 ",6916,,,,8B,Pearscroft Road,Fulham,SW6 2BB,
SBHA - Gas Boiler Replacement,3438,513,36,R1804FR,6G,JK,SBHA296962, 30/10/2020," £2,040.37 ",6587,,,,30,Falcon Close,Chiswick,W4 3XQ,
SBHA - Gas Boiler Replacement,32A,513,36,R1804FR,6G,JK,SBHA296965, 30/10/2020," £2,364.18 ",5522,,A,,34,Quick Road,Chiswick,W4 2BU,
SBHA - Gas Boiler Replacement,32A,513,36,R1804FR,6G,JK,SBHA296966, 30/10/2020," £2,040.37 ",6248,,A,,156,Stephendale Road,Fulham,SW6 2PL,
SBHA-RESPONSIVE,32A,211,32A,,,,SBHA296974, 30/10/2020, £55.05 ,4076,,C,,28,Frithville Gardens,Shepherds Bush,W12 7JN,
SBHA-RESPONSIVE,3435,211,32A,,,,SBHA296980, 30/10/2020, £101.62 ,5854,,E,The Old Vicarage,,St Andrews Road,Barons Court,W14 9SX,
SBHA-RESPONSIVE,32A,211,32A,,,,SBHA296987, 30/10/2020, £101.40 ,7812,,,,67,Chatsworth Crescent,Hounslow,TW3 2PF,
SBHA-RESPONSIVE,34114D,211,32A,,,,SBHA296988, 30/10/2020, £101.40 ,9666,,7,Spackman House,12,Townmead Road,Fulham,SW6 2NZ,
SBHA-RESPONSIVE,32A,211,32A,,,,SBHA296992, 30/10/2020, £22.97 ,7266,,,,82,Hadyn Park Road,Shepherds Bush,W12 9AG,
SBHA-RESPONSIVE,32A,211,32A,,,,SBHA296993, 30/10/2020, £55.05 ,11538,,,,218,Aylsham Drive,Ickenham,UB10 8UF,
SBHA-RESPONSIVE,34114D,211,32A,,,,SBHA296996, 30/10/2020," £1,757.81 ",9661,,3,Spackman House,12,Townmead Road,Fulham,SW6 2NZ,
SBHA-RESPONSIVE,32A,211,32A,,,,SBHA296998, 30/10/2020, £117.35 ,5574,,,,584,London Road,Isleworth,TW7 4EY,
SBHA-RESPONSIVE,32A,211,32A,,,,SBHA297015, 30/10/2020, £113.37 ,5928,,,,66,Brookville Road,Fulham,SW6 7BJ,
SBHA-ESTATE PRIDE REPAIRS,3445B,2947,32A,,,,SBHA297016, 30/10/2020, £44.07 ,1000094,ESTATE,,Pulton Place Estate,,Pulton Place,Fulham,SW6 1EF,
SBHA-RESPONSIVE,32A,211,32A,,,,SBHA297018, 30/10/2020, £101.62 ,4625,,C,,26,Beauclerc Road,Hammersmith,W6 0NS,
SBHA - Gas Boiler Replacement,32A,513,36,R1804FR,6G,JK,SBHA297030, 30/10/2020," £2,040.37 ",5741,,A,,25,Disbrowe Road,Hammersmith,W6 8QG,
SBHA - Gas Responsive,32A,211,32A,,,,SBHA297032, 30/10/2020, £452.39 ,5741,,A,,25,Disbrowe Road,Hammersmith,W6 8QG,
SBHA-RESPONSIVE,32A,211,32A,,,,SBHA297033, 30/10/2020, £78.65 ,5335,,H,,28,Clanricarde Gardens,Bayswater,W2 4NA,
SBHA - Gas Boiler Replacement,32A,513,36,R1804FR,6G,JK,SBHA297035, 30/10/2020," £2,040.37 ",5872,,A,,8,Shorrolds Road,Fulham,SW6 7TP,
SBHA-RESPONSIVE,3489,211,32A,,,,SBHA297044, 30/10/2020, £179.21 ,9046,,196,,,Holland Gardens,Brentford,TW8 0AX,
SBHA-RESPONSIVE,3498,211,32A,,,,SBHA297049, 30/10/2020, £166.62 ,8942,,,,17,Winthrop Walk,Wembley,HA9 7TT,
SBHA-RESPONSIVE,32A,211,32A,,,,SBHA297052, 30/10/2020, £25.04 ,5232,,B,,125,Sinclair Road,West Kensington,W14 0NP,
SBHA-RESPONSIVE,32A,211,32A,,,,SBHA297065, 30/10/2020, £101.62 ,9084,,,,5,Pearscroft Road,Fulham,SW6 2DP,
SBHA-RESPONSIVE,3457,211,32A,,,,SBHA297070, 30/10/2020, £263.65 ,7656,,11,Rawsthorne Court,289,Staines Road,Hounslow,TW4 5AJ,
SBHA-RESPONSIVE,32A,211,32A,,,,SBHA297071, 30/10/2020, £73.18 ,4054,,B,,16,Ellerslie Road,Shepherds Bush,W12 7BW,
SBHA-RESPONSIVE,32A,211,32A,,,,SBHA297073, 30/10/2020, £60.10 ,4256,,A,,40,Askew Road,Shepherds Bush,W12 9BH,
SBHA-RESPONSIVE,3446,211,32A,,,,SBHA297076, 30/10/2020, £55.67 ,7187,,,,31,Beattie Close,Feltham,TW14 9RR,
SBHA-RESPONSIVE,32A,211,32A,,,,SBHA297084, 30/10/2020, £25.04 ,5153,,C,,6,Lisgar Terrace,West Kensington,W14 8SJ,
SBHA-RESPONSIVE,32A,211,32A,,,,SBHA297092, 30/10/2020, £59.30 ,5733,,,,146,Dawes Road,Fulham,SW6 7EF,
SBHA-RESPONSIVE,34140,211,32A,,,,SBHA297093, 30/10/2020, £21.38 ,12173,,,,3,Calverton Place,Greenford,UB6 7FP,
SBHA-RESPONSIVE,32A,211,32A,,,,SBHA297095, 30/10/2020, £127.22 ,7828,,,,41,George Street,Hounslow,TW3 4NA,
SBHA-RESPONSIVE,32A,211,32A,,,,SBHA297099, 30/10/2020, £73.14 ,5468,,,,96,Devonshire Road,Chiswick,W4 2HS,
SBHA-RESPONSIVE,32A,211,32A,,,,SBHA297102, 30/10/2020, £60.10 ,4239,,B,,8,Askew Road,Shepherds Bush,W12 9BH,
SBHA-RESPONSIVE,3462A,211,32A,,,,SBHA297158, 30/10/2020, £106.73 ,7880,,,,20,St Marks Close,Fulham,SW6 4PE,
SBHA-RESPONSIVE,3446,211,32A,,,,SBHA297164, 30/10/2020, £54.46 ,7211,,,,1,Beattie Close,Feltham,TW14 9RR,
SBHA - Gas Responsive,32A,211,32A,,,,SBHA297166, 30/10/2020, £307.54 ,8572,,,,12,Montgolfier Walk,Northolt,UB5 6EH,
SBHA-RESPONSIVE,34130,211,32A,,,,SBHA297167, 30/10/2020, £151.04 ,12074,,21,Art Wood Apartments,30,St Stephens Road,West Drayton,UB7 7RL,
SBHA-RESPONSIVE,32A,211,32A,,,,SBHA297169, 30/10/2020, £68.26 ,4587,,A,,58,Stowe Road,Shepherds Bush,W12 8BW,
SBHA-RESPONSIVE,34144,211,32A,,,,SBHA297177, 30/10/2020, £76.12 ,12334,,4,Golden Cross Court,,Botwell Lane,Hayes,UB3 2AD,
SBHA-RESPONSIVE,34118A,211,32A,,,,SBHA297183, 30/10/2020, £30.36 ,9960,,27,Kelway House,162,North End Road,West Kensington,W14 9PR,
SBHA-RESPONSIVE,32A,211,32A,,,,SBHA297196, 30/10/2020, £101.62 ,4109,,B,,17,Loftus Road,Shepherds Bush,W12 7EH,
SBHA-RESPONSIVE,32A,211,32A,,,,SBHA297197, 30/10/2020, £60.72 ,4204,,A,,21,Tunis Road,Shepherds Bush,W12 7EZ,
SBHA-RESPONSIVE,32A,211,32A,,,,SBHA297201, 30/10/2020, £277.01 ,6119,,B,,6,Elswick Street,Fulham,SW6 2QR,
SBHA-RESPONSIVE,3492,211,32A,,,,SBHA297216, 30/10/2020, £101.62 ,9129,,,,32,Greenlawn Lane,Brentford,TW8 9PN,
SBHA-RESPONSIVE,34114D,211,32A,,,,SBHA297219, 30/10/2020, £86.72 ,9666,,7,Spackman House,12,Townmead Road,Fulham,SW6 2NZ,
SBHA-RESPONSIVE,32A,211,32A,,,,SBHA297236, 30/10/2020, £101.62 ,4019,,B,,22,Arminger Road,Shepherds Bush,W12 7BB,
SBHA-RESPONSIVE,32A,211,32A,,,,SBHA297248, 30/10/2020, £60.72 ,5635,,B,,41,Claxton Grove,Hammersmith,W6 8HD,
SBHA-RESPONSIVE,3431,211,32A,,,,SBHA297254, 30/10/2020, £30.36 ,5556,,7,Angel House,,Cadbury Close,Isleworth,TW7 5AU,
SBHA-RESPONSIVE,32A,211,32A,,,,SBHA297268, 30/10/2020, £277.23 ,5842,,A,,4,Rainville Road,Hammersmith,W6 9HA,
SBHA-RESPONSIVE,3460A,211,32A,,,,SBHA297273, 30/10/2020, £133.77 ,7755,,,,11,Parnell Close,Shepherds Bush,W12 9NU,
SBHA-RESPONSIVE,37581,211,32A,,,,SBHA297279, 30/10/2020, £123.99 ,11837,,4,Edgar Wright Court,118A,Dawes Road,Fulham,SW6 7EG,
SBHA-RESPONSIVE,3460A,211,32A,,,,SBHA297282, 30/10/2020, £297.24 ,7755,,,,11,Parnell Close,Shepherds Bush,W12 9NU,
SBHA-RESPONSIVE,32A,211,32A,,,,SBHA297286, 30/10/2020, £119.74 ,5675,,B,,8,Gledstanes Road,West Kensington,W14 9HU,
SBHA-RESPONSIVE,3489,211,32A,,,,SBHA297289, 30/10/2020, £76.90 ,9055,,209,,,Holland Gardens,Brentford,TW8 0AX,
SBHA-RESPONSIVE,3447,211,32A,,,,SBHA297291, 30/10/2020, £60.72 ,7292,,24,Northcroft Court,61,Becklow Road,Shepherds Bush,W12 9HE,
SBHA-RESPONSIVE,3441,211,32A,,,,SBHA297295, 30/10/2020, £124.42 ,7204,,,,6,Granville Place,Fulham,SW6 2HB,
SBHA-RESPONSIVE,32A,211,32A,,,,SBHA297297, 30/10/2020, £74.17 ,4332,,E,,21,Keith Grove,Shepherds Bush,W12 9EY,
SBHA-RESPONSIVE,32A,211,32A,,,,SBHA297307, 30/10/2020, £89.28 ,5298,,B,,8,Leythe Road,Acton,W3 8AW,
SBHA-RESPONSIVE,3437,211,32A,,,,SBHA297317, 30/10/2020, £60.10 ,5889,,10,Twynholm Mansions,,Lillie Road,Fulham,SW6 7NX,
SBHA-RESPONSIVE,34108,211,32A,,,,SBHA297322, 30/10/2020, £76.52 ,9214,,22,,2,Town Meadow,Brentford,TW8 0BZ,
SBHA-RESPONSIVE,34108,211,32A,,,,SBHA297335, 30/10/2020, £101.62 ,9206,,11,,2,Town Meadow,Brentford,TW8 0BZ,
SBHA-RESPONSIVE,32A,211,32A,,,,SBHA297338, 30/10/2020, £48.84 ,4363,,A,,163,Uxbridge Road,Shepherds Bush,W12 9RB,
SBHA-RESPONSIVE,32A,211,32A,,,,SBHA297348, 30/10/2020, £85.40 ,5548,,B,,11,Whitestile Road,Brentford,TW8 9NR,
SBHA-RESPONSIVE,3447,211,32A,,,,SBHA297349, 30/10/2020, £60.72 ,7295,,27,Northcroft Court,61,Becklow Road,Shepherds Bush,W12 9HE,
SBHA-RESPONSIVE,32A,211,32A,,,,SBHA297353, 30/10/2020, £118.25 ,4337,,A,,7,Roxwell Road,Shepherds Bush,W12 9QE,
SBHA-RESPONSIVE,3474,211,32A,,,,SBHA297357, 30/10/2020, £60.72 ,8679,,4,,7,Nicoll Road,Harlesden,NW10 9AX,
SBHA-RESPONSIVE,3409,211,32A,,,,SBHA297371, 30/10/2020, £56.92 ,6513,,3,Midwinter Court,199,Oldfield Lane North,Greenford,UB6 8PN,
SBHA-RESPONSIVE,34130,211,32A,,,,SBHA297372, 30/10/2020, £95.26 ,12054,,1,Art Wood Apartments,30,St Stephens Road,West Drayton,UB7 7RL,
SBHA-RESPONSIVE,3467B,211,32A,,,,SBHA297401, 30/10/2020, £118.25 ,8210,,2,Osprey Court,366,Gurnell Grove,West Ealing,W13 0AT,
SBHA-RESPONSIVE,32A,211,32A,,,,SBHA297411, 30/10/2020, £59.06 ,6072,,,,36,Althea Street,Fulham,SW6 2RY,
SBHA-RESPONSIVE,32A,211,32A,,,,SBHA297418, 30/10/2020, £22.97 ,5023,,D,,21,Bolingbroke Road,West Kensington,W14 0AJ,
SBHA-RESPONSIVE,32A,211,32A,,,,SBHA297420, 30/10/2020, £78.65 ,7416,,,,16,Hawksmoor Street,Hammersmith,W6 8EA,
SBHA-RESPONSIVE,3453,211,32A,,,,SBHA297421, 30/10/2020, £118.25 ,7557,,4,Bailey Court,97,Vespan Road,Shepherds Bush,W12 9QP,
SBHA-RESPONSIVE,3447,211,32A,,,,SBHA297423, 30/10/2020, £92.30 ,7295,,27,Northcroft Court,61,Becklow Road,Shepherds Bush,W12 9HE,
SBHA - Gas Responsive,3455,211,32A,,,,SBHA297425, 30/10/2020, £414.63 ,7579,,4,Hillary Court,,Titmuss Street,Shepherds Bush,W12 8HT,
SBHA - Gas Boiler Replacement,34114H,513,36,R1804FR,6G,JK,SBHA297426, 30/10/2020," £2,040.37 ",9778,,,,51,De Morgan Road,Fulham,SW6 2RP,
SBHA - Gas Responsive,34114H,211,32A,,,,SBHA297428, 30/10/2020," £1,215.04 ",9778,,,,51,De Morgan Road,Fulham,SW6 2RP,
SBHA-RESPONSIVE,32A,211,32A,,,,SBHA297431, 30/10/2020, £118.25 ,9002,,,,1,Devonshire Road,Hanworth,TW13 6QT,
SBHA - Gas Responsive,3446,211,32A,,,,SBHA297434, 30/10/2020," £1,357.04 ",7217,,,,7,Beattie Close,Feltham,TW14 9RR,
SBHA - Gas Responsive,3446,211,32A,,,,SBHA297436, 30/10/2020," £1,357.04 ",7216,,,,6,Beattie Close,Feltham,TW14 9RR,
SBHA-RESPONSIVE,32A,211,32A,,,,SBHA297438, 30/10/2020, £50.81 ,4504,,A,,15,Hetley Road,Shepherds Bush,W12 8BA,
SBHA - Gas Responsive,32A,211,32A,,,,SBHA297439, 30/10/2020," £1,215.04 ",6916,,,,8B,Pearscroft Road,Fulham,SW6 2BB,
SBHA - Gas Responsive,32A,211,32A,,,,SBHA297441, 30/10/2020, £791.51 ,7408,,,,46,Everington Street,Hammersmith,W6 8DG,
SBHA-RESPONSIVE,32A,211,32A,,,,SBHA297443, 30/10/2020, £119.74 ,7533,,,The Lodge,81,West Avenue,Southall,UB1 2AR,
SBHA-RESPONSIVE,32A,211,32A,,,,SBHA297467, 30/10/2020, £333.07 ,8973,,,,92,Collingwood Road,Hillingdon,UB8 3EN,
SBHA-RESPONSIVE,32A,211,32A,,,,SBHA297470, 30/10/2020, £43.33 ,4754,,A,,48,Overstone Road,Hammersmith,W6 0AB,
SBHA-RESPONSIVE,51B38,211,32A,,,,SBHA297480, 30/10/2020, £84.37 ,12492,,A,,27,Thornbury Road,Isleworth,TW7 4LQ,
SBHA-RESPONSIVE,32A,211,32A,,,,SBHA297481, 30/10/2020, £178.56 ,4238,,A,,8,Askew Road,Shepherds Bush,W12 9BH,
SBHA-RESPONSIVE,34144,211,32A,,,,SBHA297487, 30/10/2020, £204.97 ,12340,,10,Golden Cross Court,,Botwell Lane,Hayes,UB3 2AD,
SBHA-RESPONSIVE,3474,211,32A,,,,SBHA297489, 30/10/2020, £143.64 ,8679,,4,,7,Nicoll Road,Harlesden,NW10 9AX,
SBHA-RESPONSIVE,32A,211,32A,,,,SBHA298053, 30/10/2020, £138.70 ,8892,,,,14,Beaver Grove,Northolt,UB5 6EJ,
SBHA-RESPONSIVE,32A,211,32A,,,,SBHA298063, 30/10/2020, £30.36 ,5022,,C,,21,Bolingbroke Road,West Kensington,W14 0AJ,
SBHA-RESPONSIVE,3489,211,32A,,,,SBHA298068, 30/10/2020, £60.02 ,9055,,209,,,Holland Gardens,Brentford,TW8 0AX,
SBHA-RESPONSIVE,32A,211,32A,,,,SBHA298074, 30/10/2020, £178.56 ,5191,,C,,30,Sinclair Road,West Kensington,W14 0NH,
SBHA-RESPONSIVE,34144,211,32A,,,,SBHA298076, 30/10/2020, £223.66 ,12331,,1,Golden Cross Court,,Botwell Lane,Hayes,UB3 2AD,
SBHA-RESPONSIVE,32A,211,32A,,,,SBHA298079, 30/10/2020, £60.72 ,5080,,3,,23,Girdlers Road,West Kensington,W14 0PS,
SBHA-RESPONSIVE,32A,211,32A,,,,SBHA298087, 30/10/2020, £81.86 ,5128,,B,,88,Minford Gardens,West Kensington,W14 0AP,
SBHA-RESPONSIVE,32A,211,32A,,,,SBHA298091, 30/10/2020, £105.90 ,6333,,B,,15,Kilmarsh Road,Hammersmith,W6 0PL,
SBHA-RESPONSIVE,32A,211,32A,,,,SBHA298096, 30/10/2020, £75.31 ,5009,,B,,8,Bolingbroke Road,West Kensington,W14 0AL,
SBHA-RESPONSIVE,32A,211,32A,,,,SBHA298098, 30/10/2020, £113.48 ,4302,,,,95,Gayford Road,Shepherds Bush,W12 9BY,
SBHA-RESPONSIVE,32A,211,32A,,,,SBHA298111, 30/10/2020, £77.81 ,5801,,B,,5,Holyport Road,Fulham,SW6 6LY,
SBHA-RESPONSIVE,32A,211,32A,,,,SBHA298112, 30/10/2020, £60.72 ,5134,,B,,18,Netherwood Road,Shepherds Bush,W14 0BJ,
SBHA-RESPONSIVE,32A,211,32A,,,,SBHA298122, 30/10/2020, £178.56 ,5631,,A,,39,Claxton Grove,Hammersmith,W6 8HD,
SBHA-RESPONSIVE,32A,211,32A,,,,SBHA298129, 30/10/2020, £81.72 ,5840,,A,,55,Racton Road,Fulham,SW6 1LW,
SBHA-RESPONSIVE,32A,211,32A,,,,SBHA298145, 30/10/2020, £30.36 ,4028,,B,,16,Bracewell Road,Ladbroke Grove,W10 6AE,
SBHA-RESPONSIVE,32A,211,32A,,,,SBHA298148, 30/10/2020, £51.48 ,5465,,B,,56,Cranbrook Road,Chiswick,W4 2LH,
SBHA-RESPONSIVE,3401,211,32A,,,,SBHA298153, 30/10/2020, £45.88 ,4038,,4,Auriol House,1A,Ellerslie Road,Shepherds Bush,W12 7BN,
SBHA-RESPONSIVE,34114D,211,32A,,,,SBHA298156, 30/10/2020, £118.25 ,9661,,3,Spackman House,12,Townmead Road,Fulham,SW6 2NZ,
SBHA-RESPONSIVE,32A,211,32A,,,,SBHA298160, 30/10/2020, £117.35 ,4052,,B,,12,Ellerslie Road,Shepherds Bush,W12 7BW,
SBHA-RESPONSIVE,32A,211,32A,,,,SBHA298165, 30/10/2020, £141.38 ,4840,,A,,234,Hammersmith Grove,Hammersmith,W6 7EL,
SBHA-RESPONSIVE,32A,211,32A,,,,SBHA298166, 30/10/2020, £34.91 ,5389,,B,,33,Annandale Road,Chiswick,W4 2HE,
SBHA-RESPONSIVE,32A,211,32A,,,,SBHA298177, 30/10/2020, £121.44 ,6231,,A,,33,Querrin Street,Fulham,SW6 2SL,
SBHA-RESPONSIVE,3489,211,32A,,,,SBHA298178, 30/10/2020, £231.86 ,9059,,215,,,Holland Gardens,Brentford,TW8 0AX,
SBHA-RESPONSIVE,32A,211,32A,,,,SBHA298191, 30/10/2020, £94.02 ,4153,,B,,10,Oaklands Grove,Shepherds Bush,W12 0JA,
SBHA-RESPONSIVE,34138,211,32A,,,,SBHA298199, 30/10/2020, £147.71 ,12141,,2A,,,Alderwick Drive,Hounslow,TW3 1SF,
SBHA-RESPONSIVE,32A,211,32A,,,,SBHA298229, 30/10/2020, £151.55 ,6227,,,,25,Querrin Street,Fulham,SW6 2SL,
SBHA-RESPONSIVE,3497B,211,32A,,,,SBHA298232, 30/10/2020, £106.34 ,9101,,1,Langton House,,St Thomas Road,Chiswick,W4 3HW,
SBHA - Gas Responsive,32A,211,32A,,,,SBHA298250, 30/10/2020, £980.71 ,5872,,A,,8,Shorrolds Road,Fulham,SW6 7TP,
SBHA-RESPONSIVE,32A,211,32A,,,,SBHA298251, 30/10/2020, £87.31 ,5468,,,,96,Devonshire Road,Chiswick,W4 2HS,
SBHA-RESPONSIVE,32A,211,32A,,,,SBHA298252, 30/10/2020, £96.86 ,5565,,,,80,Chatsworth Crescent,Hounslow,TW3 2PD,
SBHA - Gas Responsive,32A,211,32A,,,,SBHA298253, 30/10/2020, £452.39 ,6107,,A,,44,De Morgan Road,Fulham,SW6 2RP,
SBHA - Gas Responsive,3445B,211,32A,,,,SBHA298255, 30/10/2020," £1,357.04 ",6984,,,,20,Pulton Place,Fulham,SW6 1EF,
SBHA-RESPONSIVE,3443,211,32A,,,,SBHA298275, 30/10/2020, £30.36 ,7029,,,,4,William Close,Fulham,SW6 7RN,
SBHA-RESPONSIVE,32A,211,32A,,,,SBHA298298, 30/10/2020, £147.64 ,7827,,,,64,Sparrow Farm Drive,Feltham,TW14 0DP,
SBHA-RESPONSIVE,34146,211,32A,,,,SBHA298313, 30/10/2020, £62.26 ,12471,,,,49,Briar Close,Hampton,TW12 3YZ,
SBHA-RESPONSIVE,32A,211,32A,,,,SBHA298318, 30/10/2020, £44.71 ,5217,,D,,100,Sinclair Road,West Kensington,W14 0NY,
SBHA-RESPONSIVE,32A,211,32A,,,,SBHA298321, 30/10/2020, £127.22 ,4248,,B,,31,Askew Road,Shepherds Bush,W12 9AD,
SBHA-RESPONSIVE,32A,211,32A,,,,SBHA298331, 30/10/2020, £60.72 ,5260,,C,,5,Avenue Gardens,Acton,W3 8HA,
SBHA-RESPONSIVE,32A,211,32A,,,,SBHA298335, 30/10/2020, £58.92 ,5196,,C,,44,Sinclair Road,West Kensington,W14 0NH,
SBHA-RESPONSIVE,32A,211,32A,,,,SBHA298374, 30/10/2020, £45.62 ,5476,,,,10,Enfield Walk,Brentford,TW8 9PD,
SBHA-RESPONSIVE,3437,211,32A,,,,SBHA298398, 30/10/2020, £82.06 ,5893,,14,Twynholm Mansions,,Lillie Road,Fulham,SW6 7NX,
SBHA-RESPONSIVE,3421,211,32A,,,,SBHA298409, 30/10/2020, £76.74 ,10673,,5,Steeplechase Court,,Haydock Avenue,Northolt,UB5 4FG,
SBHA-RESPONSIVE,32A,211,32A,,,,SBHA298415, 30/10/2020, £25.04 ,4085,,A,,60,Frithville Gardens,Shepherds Bush,W12 7JN,
SBHA-RESPONSIVE,3402,211,32A,,,,SBHA298427, 30/10/2020, £94.06 ,4288,,2,Evelyn House,99,Cobbold Road,Shepherds Bush,W12 9LR,
SBHA-RESPONSIVE,3428,211,32A,,,,SBHA298436, 30/10/2020, £147.71 ,5785,,39,Clifford Haigh House,280,Fulham Palace Road,Fulham,SW6 6HP,
SBHA-RESPONSIVE,32A,211,32A,,,,SBHA298455, 30/10/2020, £81.17 ,6035,,B,,35,New Kings Road,Fulham,SW6 4SB,
SBHA-RESPONSIVE,32A,211,32A,,,,SBHA298461, 30/10/2020, £118.25 ,4798,,A,,27,Batoum Gardens,Hammersmith,W6 7QB,
SBHA-RESPONSIVE,3420D,211,32A,,,,SBHA298466, 30/10/2020, £223.25 ,10730,,37,Windmill Court,4,West Way,Ruislip,HA4 8FG,
SBHA-RESPONSIVE,34118A,211,32A,,,,SBHA298469, 30/10/2020, £149.12 ,9961,,28,Kelway House,162,North End Road,West Kensington,W14 9PR,
SBHA-RESPONSIVE,32A,211,32A,,,,SBHA298486, 30/10/2020, £45.88 ,7405,,,,40,Everington Street,Hammersmith,W6 8DG,
SBHA-RESPONSIVE,32A,211,32A,,,,SBHA298496, 30/10/2020, £91.08 ,5561,,A,,32,Bulstrode Road,Hounslow,TW3 3AP,
SBHA-RESPONSIVE,32A,211,32A,,,,SBHA298505, 30/10/2020, £76.74 ,4656,,B,,8,Coulter Road,Hammersmith,W6 0BL,
SBHA - Gas Annual Safety Check,32A,2131,36G,,,,SBHA298528, 30/10/2020," £1,215.04 ",5603,,B,,44,Aspenlea Road,Hammersmith,W6 8LJ,
SBHA-RESPONSIVE,3460A,211,32A,,,,SBHA298538, 30/10/2020, £61.18 ,U00039,ESTATE,,Parnell Close Estate,,Parnell Close,Shepherds Bush,W12 9NU,
SBHA-RESPONSIVE,32A,211,32A,,,,SBHA298554, 30/10/2020, £65.76 ,5724,,A,,97,Dawes Road,Fulham,SW6 7DU,
SBHA-RESPONSIVE,3431,211,32A,,,,SBHA298556, 30/10/2020, £76.74 ,5554,,5,Angel House,,Cadbury Close,Isleworth,TW7 5AU,
SBHA-RESPONSIVE,32A,211,32A,,,,SBHA298595, 30/10/2020, £61.06 ,4187,,A,,60,Stanlake Road,Shepherds Bush,W12 7HL,
SHEL-RESPONSIVE,37702,211,,,,,SHEL026671, 30/10/2020, £18.02 ,6192,,4B,Elizabeth Barnes Court,,Marinefield Road,Fulham,SW6 2LN,
SHEL-RESPONSIVE,37701,211,,,,,SHEL026714, 30/10/2020, £18.02 ,4673,,13,Asbridge Court,,Dalling Road,Hammersmith,W6 0EJ,
SHEL-RESPONSIVE,37702,211,,,,,SHEL026934, 30/10/2020, £164.98 ,6186,,2B,Elizabeth Barnes Court,,Marinefield Road,Fulham,SW6 2LN,
SHEL-RESPONSIVE,37702,211,,,,,SHEL026936, 30/10/2020, £7.93 ,6197,,5C,Elizabeth Barnes Court,,Marinefield Road,Fulham,SW6 2LN,
SHEL-RESPONSIVE,37702,211,,,,,SHEL026951, 30/10/2020, £18.02 ,6182,,1B,Elizabeth Barnes Court,,Marinefield Road,Fulham,SW6 2LN,
SHEL-RESPONSIVE,37702,211,,,,,SHEL026954, 30/10/2020, £22.97 ,6196,,5B,Elizabeth Barnes Court,,Marinefield Road,Fulham,SW6 2LN,
SHEL-RESPONSIVE,37702,211,,,,,SHEL026955, 30/10/2020, £108.00 ,2040,BLOCK,1-10,Elizabeth Barnes Court,,Marinefield Road,Fulham,SW6 2LN,
SHEL-RESPONSIVE,37702,211,,,,,SHEL026970, 30/10/2020, £15.46 ,6181,,1A,Elizabeth Barnes Court,,Marinefield Road,Fulham,SW6 2LN,
SHEL - Gas Boiler Replacement,37701,513,36,R1804FR,6G,JK,SHEL026997, 30/10/2020," £2,040.37 ",4668,,8,Asbridge Court,,Dalling Road,Hammersmith,W6 0EJ,
SHEL-ESTATE PRIDE REPAIRS,37703,2947,,,,,SHEL026999, 30/10/2020, £66.91 ,979,BLOCK,,Ely Court,,Cloncurry Street,Fulham,SW6 6DS,
SHEL-RESPONSIVE,37702,211,,,,,SHEL027006, 30/10/2020, £46.26 ,6184,,1D,Elizabeth Barnes Court,,Marinefield Road,Fulham,SW6 2LN,
SHEL-RESPONSIVE,37702,211,,,,,SHEL027010, 30/10/2020, £73.18 ,6217,,10D,Elizabeth Barnes Court,,Marinefield Road,Fulham,SW6 2LN,
SHEL - Gas Responsive,37701,2118,,,,,SHEL027015, 30/10/2020, £447.39 ,4668,,8,Asbridge Court,,Dalling Road,Hammersmith,W6 0EJ,
SHEL-RESPONSIVE,37702,211,,,,,SHEL027017, 30/10/2020, £37.26 ,2040,BLOCK,1-10,Elizabeth Barnes Court,,Marinefield Road,Fulham,SW6 2LN,
SHEL-RESPONSIVE,37702,211,,,,,SHEL027020, 30/10/2020, £142.13 ,2040,BLOCK,1-10,Elizabeth Barnes Court,,Marinefield Road,Fulham,SW6 2LN,
SHEL-RESPONSIVE,37703,211,,,,,SHEL027022, 30/10/2020, £30.36 ,6956,,7,Ely Court,,Cloncurry Street,Fulham,SW6 6DS,
SHEL-RESPONSIVE,37703,211,,,,,SHEL027027, 30/10/2020, £96.86 ,6951,,2,Ely Court,,Cloncurry Street,Fulham,SW6 6DS,
SHEL-RESPONSIVE,37702,211,,,,,SHEL027029, 30/10/2020, £94.92 ,2040,BLOCK,1-10,Elizabeth Barnes Court,,Marinefield Road,Fulham,SW6 2LN,
SHEL-ESTATE PRIDE REPAIRS,37701,2947,,,,,SHEL027030, 30/10/2020, £27.49 ,2048,BLOCK,,Asbridge Court,,Dalling Road,Hammersmith,W6 0EJ,
SHEL-RESPONSIVE,37702,211,,,,,SHEL027031, 30/10/2020, £20.59 ,6182,,1B,Elizabeth Barnes Court,,Marinefield Road,Fulham,SW6 2LN,
SHEL-RESPONSIVE,37702,211,,,,,SHEL027034, 30/10/2020, £183.94 ,2040,BLOCK,1-10,Elizabeth Barnes Court,,Marinefield Road,Fulham,SW6 2LN,
SHEL-RESPONSIVE,37702,211,,,,,SHEL027035, 30/10/2020, £119.74 ,6215,,10B,Elizabeth Barnes Court,,Marinefield Road,Fulham,SW6 2LN,
SHEL-RESPONSIVE,37701,211,,,,,SHEL027041, 30/10/2020, £55.05 ,4670,,10,Asbridge Court,,Dalling Road,Hammersmith,W6 0EJ,
SHEL-RESPONSIVE,37703,211,,,,,SHEL027046, 30/10/2020, £96.86 ,6953,,4,Ely Court,,Cloncurry Street,Fulham,SW6 6DS,
SHEL-RESPONSIVE,37703,211,,,,,SHEL027072, 30/10/2020, £66.50 ,979,BLOCK,,Ely Court,,Cloncurry Street,Fulham,SW6 6DS,
SHEL-RESPONSIVE,37702,211,,,,,SHEL027083, 30/10/2020, £86.65 ,2040,BLOCK,1-10,Elizabeth Barnes Court,,Marinefield Road,Fulham,SW6 2LN,
SUPPORTED HOUSING-RESPONSIVE,37571,211,,,,,SH025989, 30/10/2020, £94.78 ,3919,COMMUNAL,,Elm Court,10,SPENCER ROAD,,W4 3SN,
SUPPORTED HOUSING-VOIDS,37549,2112,,,,,SH026001, 30/10/2020," £4,043.11 ",9977,,10D,Wilfred Wood Court,,Samuels Close,Hammersmith,W6 7BX,
SUPPORTED HOUSING-RESPONSIVE,37549,211,,,,,SH026002, 30/10/2020, £96.86 ,9974,,10A,Wilfred Wood Court,,Samuels Close,Hammersmith,W6 7BX,
SUPPORTED HOUSING-RESPONSIVE,37549,211,,,,,SH026003, 30/10/2020, £310.12 ,9974,,10A,Wilfred Wood Court,,Samuels Close,Hammersmith,W6 7BX,